Species,190916AAT00,190919AAT01,190920AA,190921AAT02,190924AAT03,190926AAT04,190928AAT05,190923ABT00,190925ABT01,190927ABT02,190929ABT03,191001ABT04,191003ABT05,190930ACT00,191002ACT01,191004ACT02,191007ACT03,191009ACT04,191006ADT00,191008ADT01,191010ADT02,191015ADT03,191017ADT04,191014AET00,191016AET01,191018AET02,191020AET03,191022AET04,191105AET05,191021AFT00,191023AFT01,191024AFT01.5,191025AFT02,191027AFT03,191029AFT04,191031AFT05,191109AFT06,191028AGT00,191030AGT01,191106AGT02,191111AGT03,191118AGT04,191123AGT05,191104AHT00,191111AHT01,191119AHT02,191124AHT03,191203AHT04,191110AIT00,191116AIT01,191206AIT02,191211AIT03,191221AIT04,191117AJT00,191121AJT01,191204AJT02,191208AJT03,191221AJT04,191125AKT00,191204AKT01,191209AKT02,191223AKT03,191228AKT04,191202ALT00,191211ALT01,191224ALT02,191228ALT03,191208AMT00,191216AMT01,191224AMT02,200105AMT03,191216ANT00,191225ANT01,200102ANT02,200104ANT03,200106ANT03,200112ANT04,191223AOT00,191230AOT01,200103AOT02,200105AOT02,200109AOT03,200117AOT04,191230APT00,200105APT01,200107APT02,200109APT02,200113APT03,200116APT04,200106AQT00,200110AQT01,200113AQ,200115AQT02,200119AQT03,200124AQT04,200112ART00,200113AR,200115AR,200116ART01,200118AR,200119AR,200120ART02,200126ART03,200201ART04,200119AST00,200120AS,200122AS,200123AST01,200129AST02,200202AST03,200205AST04,200126ATT00,200129ATT01,200130AT,200201AT,200203AT,200206ATT03,200210ATT04,200222AT,200202AUT00,200203AU,200204AU,200205AU,200209AUT03,200211AUT03,200212AU,200213AUT04,200220AU,200301AU,200307AU,200208AVT00,200209AV,200210AVT01,200211AV,200212AV,200213AV,200218AV,200301AV,200307AV,200217AWT00,200218AW,200219AWT01,200220AW,200221AW,200222AW,200225AW,200228AW,200301AW,200306AW,200224AXT00,200225AX,200226AX,200227AX,200228AX,200301AX,200304AX,200306AX,200302AYT00,200303AY,200304AY,200305AY,200306AY,200307AY,200312AY,200313AY,200308AZT00,200309AZ,200310AZ,200312AZ,200313AZ,200316AZ,200318AZ,200314BAT00,200315BAT01,200316BA,200318BA,200320BA,200318BB,200319BC,200322BD,200327BE,200404BF,200408BG,200411BH,200413BI,200416BJ,200420BK,200423BL,200426BM,200429BN,200502BO,200504BP,200506BQ,200509BR,200513BS,200516BT,200519BU,200523BV
Cercis_canadensis,5.5,10.3,,5.4,5.7,5.3,6,6.2,6.4,5.9,6.6,5.4,3.6,7.6,6.2,7.4,8.4,4.3,7,7.7,7.2,7.3,7.1,7.1,8.1,3.8,8.6,8.6,8.6,8.6,11.3,10.1,9.8,9.7,11.4,8.8,9,14.9,10.3,11.9,10.2,8.1,7.6,10.2,10.5,9.7,8.4,8,11.3,12.8,6,9.9,6.7,13.4,12.5,10.4,5.1,10.1,14.4,11.5,9.5,7,9,14.7,10.3,9.6,5.4,15.2,10.7,8.6,4.3,13.5,11.1,5.7,,4.4,3.6,15.2,12,,13.3,6.2,4.4,14.9,13.1,,10.2,4.7,5.4,16.4,12.6,,10.5,5.7,3.5,15.2,,,15.3,,,13.2,5.3,5.9,14.4,,,13.1,3.8,,,14.5,13,,,5,,,,13.9,,,9.3,6.1,,,,,,,13.9,11.6,5.7,7.5,5.6,,,,,13.7,7.9,7.8,4.4,3.6,,,,,,10.6,9.8,4.4,4,6.3,,,,9.5,7.4,7.6,5.7,3,,,,9.3,3.5,6.2,,,,,4.5,4.3,3.1,,,,2.4,,3.2,,,,,,,,,,,,,,,,,
Cercis_canadensis,6.3,13.6,,5.8,7.6,6.2,7.6,6.5,6.8,7.9,7.4,6.9,6.3,9,7.1,7.9,8.6,8,7.4,8.1,8.2,8.6,7.8,9.3,8.4,8.6,9.8,10.1,9.1,11.4,13.4,10.7,10.8,10.4,13.3,9.4,10,15.3,12,12.7,10.8,10.3,8.3,10.9,11.2,10.3,9,8.5,12,13.2,8.9,11.1,9.8,13.6,14.2,10.6,6.7,11.1,14.9,11.9,10.3,9.3,8.1,15.3,11.2,10.5,5.8,15.5,11.1,9,5,14.6,11.8,6.1,,7.2,4.1,15.8,12.2,,13.7,6.9,5.7,16,13.3,,11.2,7,5.9,17,13.5,,11.3,6.2,4.5,15.7,,,15.5,,,13.4,8.3,6.9,15.2,,,13.7,4.7,,,15.2,13.4,,,6.5,,,,14.7,,,10.1,6.5,,,,,,,14.1,11.8,8.7,7.9,6.4,,,,,14,8.3,8,5.2,5.1,,,,,,10.9,9.9,4.8,5.8,6.6,,,,10.1,8.2,8.1,5.9,3.6,,,,9.9,4.1,6.8,,,,,7.1,6.4,4.1,,,,3,,3.9,,,,,,,,,,,,,,,,,
Cercis_canadensis,7.1,10.7,,,,7.4,8.1,8.2,,8.8,8.9,7.9,7.1,9.6,7.9,,,8.7,9.1,9,,,8.4,11.3,9.3,9.7,10.8,12.5,9.6,11.9,,,,11.2,14.6,9.8,10.9,16.6,14.3,13.1,11.7,10.7,9.1,11.3,11.5,10.8,9.6,9.5,14,14.1,9.9,11.7,9.9,14,14.6,11.1,6.9,13,15.8,12.4,12.4,10.6,8.5,15.6,11.6,11,6.6,15.8,12,9.5,5.3,18.9,12.3,6.2,,8.2,5.1,16.7,12.5,,14.1,7.9,6.4,16.3,13.5,,12.8,7.6,6.7,17.5,14.1,,11.7,7.2,6.1,15.9,,,16.6,,,13.7,8.6,7.7,15.6,,,14.2,5.3,,,15.9,14,,,7.2,,,,15.1,,,11.9,7.1,,,,,,,14.6,12.1,9.3,8.8,7.4,,,,,14.2,9.7,8.2,5.5,7.4,,,,,,11.5,10.3,6.8,6.7,7.1,,,,10.2,8.6,8.4,6.5,4.3,,,,10.2,4.8,7.5,,,,,8.1,6.9,4.3,,,,3.3,,4.6,,,,,,,,,,,,,,,,,
Cercis_canadensis,5.7,,,,,,8.6,10.2,,,,10.5,,,,,,,9.3,,,,,,,10.7,,,10,12.5,,,,,19,10.9,9.7,,,11.2,10.6,11.3,9.8,12.2,10.6,9.5,10,10.6,12,12.8,10.1,12.1,11.2,14.6,15,11.4,8.3,14.5,16.1,13.3,13.1,10.9,8.9,15.8,12,11.6,7,17.7,13,10.2,5.7,19.2,13,6.5,,9,5.9,17,12.8,,14.6,8.2,6.7,16.6,15.5,,13.2,8.1,8.4,18.3,15,,12.3,8.3,7,16.1,,,18.5,,,14,9.4,8.2,16.6,,,15.2,5.8,,,16.6,14.4,,,8.1,,,,17.8,,,12.9,6.8,,,,,,,15,12.2,10,9.5,7.7,,,,,14.8,10,9,6,8.1,,,,,,11.7,12.5,6.3,6.8,6.9,,,,10.5,9.2,9.2,6.9,4.7,,,,10.8,5.3,7.9,,,,,9.1,7.2,4.4,,,,4.3,,4.6,,,,,,,,,,,,,,,,,
Cercis_canadensis,5.9,,,14.5,11.7,12.3,,14,,,,,,,,,,,,,,,,,,,,,,,,,,,,17,10.5,,,11.7,11.9,12.6,15.7,12.7,10.8,10.5,10.4,11.6,13.2,13,11.6,,12.6,14.8,16.2,11.6,8.9,15.4,21.5,13.5,14.3,11.7,9.1,15.8,13.3,12,10,18.1,13.7,10.8,6.1,19.9,13.3,7.1,,13.8,6.5,17.6,13.2,,15.5,8.4,7.2,16.8,16,,14.5,9.3,9.4,18.5,15.7,,13,9.1,7.3,17.5,,,21.7,,,14.6,11,8.6,18.2,,,15.7,6.1,,,16.9,14.6,,,9.6,,,,17.9,,,15.7,9,,,,,,,15.5,12.6,10.4,9.7,8,,,,,15,10.5,8.9,6.6,9.5,,,,,,11.8,13.6,6.5,7,8.4,,,,11.2,9.5,9.7,7,5.8,,,,11,5.5,8.2,,,,,9.8,7.4,4.5,,,,5.3,,5.1,,,,,,,,,,,,,,,,,
Cercis_canadensis,6.5,,,15.2,18.9,12.3,9.2,15.9,9.5,10.2,6.8,6.9,10.1,13.8,7.6,9.1,9.6,4.1,6.7,10.4,9,12.2,6.6,1.6,13.6,12.2,6.4,9.5,,13.2,11.7,16.9,11.9,10.5,11.3,,11,11.7,12.3,,,,16.2,13.3,11.8,,11.4,12.3,14.5,,,,,15.4,13,11.9,9.8,,,13.7,,11.9,9.3,16,13.5,12.2,11.5,19.1,14.1,11.9,6.8,,,7.8,,,7.1,18.8,13.7,,18.5,8.7,8,17.2,17.7,,14.6,9.6,12.1,19.7,16.1,,13.2,9.8,8.2,17.8,,,,,,,13.2,9.4,,,,21.2,6.6,,,17.6,15,,,11.1,,,,19.6,,,16.5,9.3,,,,,,,16.2,12.8,11.7,10.1,9.3,,,,,,11,9.4,6.7,,,,,,,12.2,14.5,7.5,7.2,8.7,,,,11.4,10.4,10,8.6,6,,,,11.3,5.7,8.4,,,,,11.7,7.8,6.5,,,,5.5,,4.2,,,,,,,,,,,,,,,,,
Cercis_canadensis,,,,,,13.8,11.4,,12.4,13.9,7.4,7.5,10.6,14.3,7.9,9.8,13.7,6.2,9.3,11.1,12.7,13.3,8.7,11.2,15.7,13.2,10.8,10,,13.5,13.8,18.3,21.1,12.2,12.3,,,12.1,12.6,,,,6.5,14.5,,,11.8,13.2,,,,,,15.7,13.9,12.4,10.7,,,,,12.5,10.2,16.7,13.7,13.1,,,,,7.4,,,10,,,8.8,19.5,14.5,,,9.6,8.1,18.2,,,,10.3,13.7,20.2,17,,14.3,,10.6,18.7,,,,,,,,10.3,,,,,7.3,,,19.3,15.4,,,12.1,,,,,,,,9.5,,,,,,,17.1,13.4,11.2,10.8,11.2,,,,,,11.4,9.5,7,,,,,,,12.8,14.8,7.7,7.7,8.8,,,,11.9,,10.4,9.2,6.3,,,,12,6.3,8.9,,,,,11,8,7.9,,,,6.4,,4.7,,,,,,,,,,,,,,,,,
Cercis_canadensis,,,,,,,12.9,,12.7,16.3,10.6,8.3,12.5,16.8,8.7,11.5,14.1,7.7,9.9,12.6,19.4,14.2,11.2,12.1,,16.3,11.4,10.8,,15.4,,19.5,,13.6,,,,13.1,13.5,,,,7.7,,,,14,,,,,,,16.5,17.4,12.6,11.2,,,,,,10.3,,,,,,,,8,,,10.2,,,9.3,,14.6,,,11.2,8.5,20.2,,,,10.4,,20.7,17.6,,16.4,,12,,,,,,,,,,,,,,7.5,,,19.5,16.6,,,18.4,,,,,,,,,,,,,,,,,13.7,11.1,16.4,,,,,,14.4,9.7,7.8,,,,,,,13.5,15.1,8.8,7.7,,,,,12.7,,11.1,10,6.6,,,,11,8.2,9.5,,,,,5.8,9.2,8,,,,6.8,,10.4,,,,,,,,,,,,,,,,,
Cercis_canadensis,,,,,,,,,,,11.5,,,,,,,8.6,16.8,,,,12.1,,,,12,,,,,,,,,,,16.5,13.8,,,,15.8,,,,,,,,,,,,18.5,13.5,12.1,,,,,,13.5,,,,,,,,9.8,,,10.9,,,9.6,,,,,,9.4,20.5,,,,,,21.8,18.5,,,,,,,,,,,,,,,,,,7.9,,,20,16.9,,,,,,,,,,,,,,,,,,,,17.7,9.3,,,,,,,,9.9,8.4,,,,,,,13.9,,10.3,7.9,,,,,13.1,,11.4,,,,,,,,,,,,,7.5,9.9,,,,,7,,,,,,,,,,,,,,,,,,,
Cercis_canadensis,,,,,,,,,,,11.6,,,,,,,,,,,,,,,,,,,,,,,,,,,17,,,,,,,,,,,,,,,,,,,12.5,,,,,,,,,,,,,,10.1,,,11.6,,,21.9,,,,,,,,,,,,,,,,,,,,,,,,,,,,,,,,,,,,,,,,,,,,,,,,,,,,,,,,,,,,,,,,,10.2,8.6,,,,,,,,,7.6,8.7,,,,,,,11.9,,,,,,,,,,,,,8.7,,,,,,8,,,,,,,,,,,,,,,,,,,
Cornus_florida,5.9,6.6,,6.1,5.8,5.9,5.1,4.8,6.2,5.9,6,6,6.2,6.8,5,5.3,6,5,6,5.2,5.6,6.3,5.6,10.5,5.6,5.4,3.6,,9.8,9.6,4.2,5.4,6.7,10.9,14.4,9.9,,19.8,20.8,20.7,16.9,17.3,10,22.4,18.1,15.8,20.5,7.5,22.9,22.2,12.4,10.1,11.6,22.7,22.6,19,10,8.6,19.7,22.6,16.1,9.5,6.8,23.2,20.5,22.1,11.9,22.6,21.4,20.4,16.9,22.5,22.9,14.8,,11.1,,22.9,21.2,,22.6,20.5,9.7,22.4,20.9,,17.2,15.9,17,23.9,21.2,,17.7,8.7,8,21.9,,,22.4,,,17,4.1,5.3,25.4,,,21.7,8,5.5,,21.3,22.4,,,15,17.4,4.3,,16.3,,,21.2,14.9,9.7,5.9,,,,,20.9,,,,,,,,,22.6,,21.7,,20.3,,20.4,5.6,,,22.4,,21.2,,20.7,17.3,6.8,6.1,20.1,,12.6,,12.8,,5.5,,16.5,,18.6,,9.9,5.3,,21.9,,,,,,10.4,,14.8,9.5,,1.7,,,,,,,,,,,,,,
Cornus_florida,7.4,7,,,,,,5.6,,6.7,,,,7.3,,,,5.3,,5.3,,,,12.3,,,4.6,,10.7,10.8,,5.7,,13,15.9,11.3,,21.2,21.8,21.2,19.7,19.5,11.1,22.9,19.6,18.5,21.3,8.7,23.9,22.9,13.5,13.2,13.9,23.2,22.9,20.5,14.2,12.8,22.5,22.9,17.9,11.1,8,23.4,21.5,22.7,12.7,23.2,21.9,20.8,17.9,22.8,23,16.5,,13.9,,23.6,21.7,,23.1,21.1,10.7,23,21.6,,19.7,17.2,18,24.3,22,,19.7,11.2,12.1,22.9,,,23,,,18.7,6.8,6.1,26.3,,,21.9,12.2,7.7,,23.6,22.8,,,17.5,9.2,5.7,,18.6,,,22,17.8,17.8,8.7,,,,,22.7,,,,,,,,,23.4,,22.2,,20.9,,8.2,7,,,23.1,,21.8,,21.2,18,8.7,6.7,21.9,,14.2,,15,,6,,19.3,,19.4,,12.4,6,,22.8,,,,,,13.4,,16.8,14.8,,3.4,,,,,,,,,,,,,,
Cornus_florida,6.1,5.2,,,,,,,,,,,,,,,,,,,,,,14.6,,,,,11.7,15.6,,,,16.3,18.7,12,,22.3,22.2,21.7,22,22,11.4,23.6,20.5,20.7,21.8,10,24.5,23.6,14.2,14.4,15.2,23.8,23.2,20.9,19.2,15.1,23.3,23.4,19.9,14.6,9.3,23.7,21.8,22.8,14.2,23.8,22,21.1,19,23.2,23.4,17.7,,15.6,,24.5,21.8,,23.5,21.4,12.9,23.4,22.2,,20.3,19.4,19.3,25.7,22.7,,21.1,14.5,15.1,23.7,,,23.3,,,20.6,7.2,7.3,27.1,,,22.5,15.1,9.3,,24.1,23,,,19.7,20.4,6.3,,20.7,,,22.5,21.7,19.6,12,,,,,23.1,,,,,,,,,23.7,,22.7,,21.5,,10.3,8.8,,,23.4,,22.1,,21.6,19.3,10.9,7.4,23.2,,15.6,,17.3,,6.8,,20.9,,19.8,,16,7.1,,23,,,,,,14.3,,18.3,16.1,,5.2,,,,,,,,,,,,,,
Cornus_florida,,5.5,,,,,,,,,,,,,,,,,,,,,,16.8,,,,,12.7,18.5,,,,18.5,20.8,12.6,,22.9,22.9,22.3,,23.2,12.3,24,21.9,21.3,22.1,10.7,19.6,21.1,15.7,15.9,17.7,24.6,23.7,21.7,19.5,16.7,23.7,23.8,20.6,16.7,10.6,23.9,22.2,23.2,21.3,23.9,22.4,21.6,20,23.3,23.9,19.4,,19.7,,24.7,22,,23.8,22.3,15,23.8,22.7,,20.9,21.2,20.1,25.2,23.2,,21.7,18,17.4,23.9,,,23.4,,,21.7,8.3,8.6,27.2,,,23.2,17.5,11.5,,24.4,23.7,,,20.9,21.3,7,,21.6,,,22.8,22.7,21.5,14.3,,,,,23.6,,,,,,,,,24.1,,22.8,,21.9,,12,11,,,24,,22.3,,22.3,20.1,12.7,7.7,24,,17.2,,18.6,,7.9,,22.3,,20.3,,18.7,9.3,,23.3,,,,,,15.4,,19.6,16.7,,8.3,,,,,,,,,,,,,,
Cornus_florida,,,,5.6,5.9,4.1,4.6,,,,,,,,,,,,,,,,,18.3,,,,,14.9,21.9,,,,22.2,21.5,14.4,,23.5,23.4,22.8,18.2,10.1,13.8,24.6,22.2,22.1,22.3,12.3,20.8,21.9,16.7,17,18.9,24.9,24.1,21.9,20.3,17.4,23.8,24.2,20.8,19.5,11.6,24.1,22.4,23.7,22,24.3,22.6,21.8,20.1,24.1,23.8,20.5,,20.3,,25,22.4,,24.1,22.6,16.4,24.2,23.2,,21,22.1,20.4,25.3,23.6,,22.2,19.5,20.5,24.2,,,23.6,,,22.2,13.5,12,27.3,,,23.6,19.3,12.8,,24.6,23.8,,,21.9,22.2,7.5,,22.9,,,23.2,23.3,22.4,16.3,,,,,24,,,,,,,,,24.7,,23,,22.2,,15.8,12.6,,,24.1,,22.5,,22.5,20.2,14.3,,24.7,,17.9,,19.7,,9,,22.9,,20.6,,20.4,10.1,,23.8,,,,,,16.3,,21,17.5,,10.6,,,,,,,,,,,,,,
Cornus_florida,,,,6.6,6.8,5.7,5.4,,,,,,,,,,,,,,,,,9.7,,,,,9.9,22.9,3.7,6,4.1,13.2,11.8,15.1,,17,17.3,18.2,21.2,10.9,10.3,17.9,13.7,15.8,22.6,13,22.9,22.7,17.9,18.3,19.5,21.9,22.1,22.2,20.8,18.5,23.9,24.3,21.7,20.4,12.6,24.2,22.7,23.9,22.4,24.5,23.1,22.2,20.6,24.5,24.1,21.3,,20.6,,25.6,22.8,,24.6,22.9,19.5,24.4,23.6,,21.5,22.5,20.7,25.7,23.7,,22.3,20.1,21.4,24.6,,,23.8,,,23,16.5,,27.7,,,23.5,20.3,15,,25.1,24,,,22.2,22.1,8.1,,23.2,,,23.5,23.5,22.8,17.6,,,,,24.7,,,,,,,,,24.9,,23.2,,22.5,,16.8,13.4,,,24.6,,22.8,,22.8,20.9,16.5,,25,,19.1,,20.6,,9.7,,24.2,,20.9,,21.1,11.8,,24.1,,,,,,18.9,,12.3,18.1,,13.3,,,,,,,,,,,,,,
Cornus_florida,,,,,,,,6.7,4.7,4.5,5.4,5.1,4.1,6,4.2,5.4,5,4.9,5.9,4.9,4.6,4.2,5,12.7,3.8,4.7,5.9,3.8,10.7,,4,8,,14.1,14.7,13.4,,21.4,18.6,20,22.3,11.6,11.1,21.4,19.8,17.2,23.1,13.8,23.7,,18.4,19.2,20.8,22.9,23,22.6,21.1,19.4,24.1,24.6,22.2,20.8,14.1,24.7,23,24.2,22.8,24.9,23.4,22.5,20.7,24.8,24.3,21.7,,21.1,,26.1,23,,24.7,23.2,21.2,24.7,23.6,,21.8,22.8,21.3,25.8,24.1,,22.7,20.7,21.7,24.8,,,24.3,,,23.5,18.9,,28.1,,,24.2,20.9,16.7,,25.5,24.3,,,22.6,22.5,8.7,,23.8,,,23.9,23.7,22.9,18.2,,,,,24.9,,,,,,,,,25.1,,23.5,,20.6,,17.9,15.1,,,24.9,,23.1,,23.2,21.4,17.9,,25.2,,20.6,,20.9,,10.9,,24.1,,21.1,,21.9,13.8,,24.3,,,,,,19.3,,17.2,19.1,,15.9,,,,,,,,,,,,,,
Cornus_florida,,,,,,,,7.2,6.2,5.5,5.9,,4.7,,5.1,6.2,5.6,5.7,,5.7,5.6,6,5.9,15.6,5.1,5.8,6.6,5.6,15.3,,,,,16.9,17.9,14.8,,22.3,21,20.8,,,11.7,22.7,21.4,19.1,23.6,15.2,,,20.3,21.3,21.5,23.3,23.5,22.7,21.4,20.2,24.8,,22.8,21.1,14.7,24.9,23.4,24.5,23.4,25.4,23.8,22.7,21.4,25.3,24.5,22.1,,21.3,,26.5,23.3,,25.1,23.5,21.8,25.1,23.9,,22.2,23.2,22.1,26,24.4,,23,21.1,22.2,25.3,,,24.4,,,23.7,21.8,,28.2,,,,21.6,17.5,,25.8,24.6,,,23.2,23.1,9.8,,24,,,24.2,24.1,23.4,19.5,,,,,25.2,,,,,,,,,25.4,,23.7,,21.4,,19.8,16.8,,,25.2,,23.4,,23.6,21.6,18.7,,25.6,,20.9,,21.6,,12,,24.7,,21.4,,22.3,15.2,,24.6,,,,,,20,,18.2,19.6,,17.3,,,,,,,,,,,,,,
Cornus_florida,,,,,,,,7.6,6.9,,,,,,,,,6.2,,,,7.1,,18.3,,,,,16.5,,,,,19.2,20,19.4,,23,22.2,21.5,,,12.4,23.5,22.1,20.7,,16.3,,,21.6,22.1,22.5,23.8,23.7,23.1,21.6,20.8,24.9,,23.4,21.5,18,25.3,23.8,,23.6,25.9,,,21.9,,24.6,22.7,,21.6,,,,,25.3,23.7,22.7,25.5,24,,22.6,23.7,22.2,26.4,24.8,,23.4,21.8,22.9,25.6,,,24.6,,,24,23.1,,28.6,,,,21.9,18.6,,26.2,24.8,,,23.7,23.7,12.8,,24.7,,,24.6,24.4,23.6,20.2,,,,,25.9,,,,,,,,,26.1,,24,,,,21,18.8,,,25.5,,23.7,,23.9,22,20.2,,25.7,,21.5,,22,,13.9,,25,,21.7,,22.8,16.4,,24.8,,,,,,20.5,,20.4,20.5,,19.8,,,,,,,,,,,,,,
Cornus_florida,,,,,,,,,,,,,,,,,,,,,,,,,,,,,,,,,,20.8,22.5,20.6,,,23,22,,,14.5,24.6,22.9,,,17.7,,,22.9,22.8,,24.3,24.3,24.1,,21.7,,,23.7,22.2,21.8,25.8,,,,26.2,,,22.2,,,23.6,,22.6,,,,,,24.5,24,,24.1,,23.1,24.3,22.6,26.6,25.1,,24.2,22.6,23.7,26,,,,,,24.7,,,28.8,,,,22.5,19.9,,26.4,25.2,,,24,,14,,25.8,,,24.7,24.5,23.8,21.1,,,,,26.1,,,,,,,,,26.6,,23.1,,,,22,14.3,,,26.1,,22.1,,24.1,22.6,21.2,,26.2,,22,,22.7,,16.4,,25.4,,21.2,,23.1,18.1,,25.2,,,,,,21,,21.4,20.7,,12.6,,,,,,,,,,,,,,
Cornus_mas,5.8,4.8,,5.3,3.9,3.6,4.6,5.3,5.3,5,4.9,4.8,4.7,5.7,4,3.7,5,4.3,5,4.8,4.2,3.8,3.4,4.5,3.7,4.3,3.8,,14.2,3.5,4.1,6,3.9,12.3,12.3,14.7,13.5,18,16.7,14.8,15.4,17.3,12.9,15.9,16.5,13.7,16.5,12.7,20.1,14.7,9.6,12.4,6.9,18.2,18,16.9,11.3,6.5,14.7,16.5,16.1,8.6,4.3,14.5,16.4,5.9,6.4,15.9,14.2,8.5,,18.1,8.6,7.6,4.3,,,17.9,6.3,5.6,,,,15.7,9.2,4.8,5.8,,,19.1,11.6,5.2,5.8,,,16,16.1,11.7,9.1,8.2,6.1,7.8,,,16.8,13.1,18.2,4.6,,,,12.7,11.6,8.8,7.7,,,,,17.9,14.3,13.1,11,,,,,,,,17,13.2,9.5,6.4,,,,,,17.7,16.3,7.5,,,,,,,,19.6,6.9,4.8,4.3,,,,,18.4,13.9,11.4,,,,,,16.3,7,,,,,,5.5,,,,,,,,,,,,,,,,,,,,,,,,,
Cornus_mas,5.4,6,,,5.2,4.6,5.3,5.6,,5.8,5.4,,,5.9,,,,,5.4,5,5,,4.9,5.2,4.7,5.6,4.6,,16.9,7.4,,15.7,14.1,15.2,13,16.3,17.6,18.7,17.8,17.2,16.1,18.1,16.3,18.1,17.5,16,17.4,13.4,20.6,17.6,12.5,13.7,8.9,19.6,18.6,18,12.6,7.5,16.6,17.7,17.3,10.3,6.1,16.6,17.4,7.9,7.9,17.8,16,9.3,,18.9,10.8,9,7.2,,,20,9.2,5.8,,,,18.4,12.4,7.7,8.6,,,20.6,14.3,6.3,6.7,,,19.2,17.6,15.1,10.5,11.1,8,10.2,,,19.6,15.1,19.6,5.6,,,,15.7,14.1,11.6,8.7,,,,,19.1,15.4,14.3,13.1,,,,,,,,19.8,15.5,12.7,6.8,,,,,,19.7,17.1,11.1,,,,,,,,20.8,9.1,6.1,5.2,,,,,19.6,16.5,12,,,,,,17.3,10.4,,,,,,6.5,,,,,,,,,,,,,,,,,,,,,,,,,
Cornus_mas,6.9,5.5,,,,,,,,,,,,,,,,,,,,,,,,16.1,,,17.8,13.9,,,18.4,16.6,14.9,17.4,18.3,19.3,18.7,19.1,17.5,18.6,17.2,18.9,18.5,17.3,17.6,14.3,21,18.8,13.4,14.7,9.8,20.5,19.4,18.4,14.1,8.6,18.2,18.5,18,12.7,6.7,18.3,18.3,9,8.4,18.8,17.2,11.1,,20.8,12.2,9.5,8.5,,,21.9,10.4,6.8,,,,20.4,14.3,9.8,9,,,21.3,16,8.2,8.1,,,20.3,19.1,16.9,12.8,14,11.4,11.5,,,20.7,16.1,20.7,6.9,,,,19.4,16,13,9.6,,,,,19.6,16.1,15.8,14.8,,,,,,,,21.1,16.8,14.5,7,,,,,,20.6,17.7,12.9,,,,,,,,21.2,14.2,8,6,,,,,20.8,17.2,12.5,,,,,,18.9,12.4,,,,,,8.8,,,,,,,,,,,,,,,,,,,,,,,,,
Cornus_mas,7.5,,,,,,,,,,,,,,,,,,,,,,,,,,,,18.2,15.9,,,,17.2,15.5,18.6,19.5,19.9,19.1,19.2,18.3,19.1,18.1,19.6,19.3,18,17.9,15.1,21.4,18.4,15.7,16.7,11.1,21.3,20.7,19.6,15.3,10.7,19,19.3,18.8,13.3,7.1,19.8,19,10,9,19.3,18.3,11.5,,21.4,13,10.9,10.3,,,22.6,11.8,7.3,,,,21.9,15.9,12,13.9,,,21.8,16.8,10.1,8.6,,,20.9,19.6,18,15.1,17.5,13.4,13.3,,,21.8,16.8,21.9,8.8,,,,20.7,17.2,15.9,11.4,,,,,20,16.8,16.3,16.1,,,,,,,,22,17.5,16.4,7.4,,,,,,21.3,18.7,14.7,,,,,,,,21.8,15.4,11.7,8.3,,,,,21.6,18.1,14,,,,,,19.7,13.8,,,,,,9.9,,,,,,,,,,,,,,,,,,,,,,,,,
Cornus_mas,,,,,,,,,,,,,,,,,,,,,,,,,,,,,19,,,,,18.3,17.2,19,20.2,21,19.6,20.4,18.9,19.6,18.5,20,20,18.9,18.2,16,21.9,19.6,16.9,17.4,11.9,22.6,21,19.9,15.8,13.2,19.7,20,19.4,14.4,8.7,20.7,19.7,11.2,9.3,19.7,18.7,12.4,,22.2,13.6,11.4,10.8,,,23.4,13.5,11,,,,22.3,16.6,12.8,15.4,,,22.4,17.7,11.2,9.1,,,21.6,20.5,18.3,16.8,20.1,15.9,13.9,,,22.6,17.2,23.1,9.9,,,,21.1,17.5,17.2,12.3,,,,,20.4,17.8,17.3,17.4,,,,,,,,22.5,18.3,16.8,8.3,,,,,,21.9,19,15.5,,,,,,,,22.3,16.7,14.2,10,,,,,22.7,19,14.6,,,,,,20.3,15.1,,,,,,11.9,,,,,,,,,,,,,,,,,,,,,,,,,
Cornus_mas,,,,4.4,5.8,4.9,5.7,,4,6,5.3,5.4,6.5,,,,,,,,,,,,,,,,16.2,5.3,3.9,6.2,18.2,15.1,18,19.9,16.7,12.4,16.8,14.4,12.9,8.3,14.4,15.4,15,16.3,18.9,17.4,18.8,20.5,17.6,18.3,12.5,16.7,16.9,20.2,16.7,14.6,20,20.3,19.5,15.7,9.2,20.9,20.5,12.4,10.3,20.4,19.2,13.2,,22.6,14.7,12.5,12.1,,,24,15,13.3,,,,22.8,17,14.3,18.1,,,22.9,18.3,12.6,10.6,,,22.3,21.2,18.8,17.6,10.6,17.6,15.2,,,23.3,18.1,16,11.4,,,,21.6,18,18,13.5,,,,,20.7,18.2,18,17.7,,,,,,,,23.1,19,17.5,14,,,,,,22.3,19.4,16.9,,,,,,,,22.8,17.7,15.4,11.5,,,,,23.5,19.6,15.3,,,,,,20.7,16.1,,,,,,12.5,,,,,,,,,,,,,,,,,,,,,,,,,
Cornus_mas,,,,5.7,7.8,,,6.1,5.4,,6,,,5.9,4.5,4.1,5.3,4.9,5.7,5.1,5.6,5.4,5.4,5.2,4.6,5.8,6.1,3.7,17.4,7.8,4.1,7.3,,16.6,11.8,20.8,18.2,15.2,17.3,17.5,16.9,10.4,17.1,18,17.7,17.8,19.7,17.7,19.9,20.8,18.3,19,13.4,18.6,18.8,20.5,17.1,15.8,20.4,20.5,19.9,16.6,9.6,21.6,21,14.8,11.3,21.1,19.6,13.8,,23.2,15.7,13.7,13.4,,,24.6,16.3,13.7,,,,23.1,17.8,15.8,,,,23.2,19.1,13.7,12.2,,,22.5,21.7,19.2,18.1,14.6,11.4,15.8,,,23.9,18.4,18.3,13.7,,,,22.8,18.6,19.1,14,,,,,21.2,19,18.7,18.4,,,,,,,,23.5,19.6,18.2,17.7,,,,,,22.7,20.3,17.5,,,,,,,,23.2,18.2,16.2,12,,,,,24.1,19.9,16.3,,,,,,21.2,17.1,,,,,,13.8,,,,,,,,,,,,,,,,,,,,,,,,,
Cornus_mas,,,,,,,,6.6,6.3,,,,,,,,,,,,,,,6,,,,,,8.8,,,,18,15,21.2,18.7,17,18.6,18,18.2,12.9,17.7,19,18.8,18.5,20.1,18,20.9,21.7,19.1,19.6,14.4,19.2,20,20.9,19.8,16.7,20.9,21.1,20.6,17.1,10.7,21.9,21.2,16.6,12.4,21.8,20.1,15.9,,23.5,16,14.5,14.1,,,25,18,19.7,,,,23.5,18.4,17.5,,,,23.7,19.7,15.9,13.1,,,23.1,22.3,19.8,18.7,16.5,15.1,17,,,24.1,18.7,19.7,15.1,,,,22.9,19.1,19.7,15.8,,,,,21.6,20.6,19.3,19.2,,,,,,,,23.9,20.3,18.9,18.4,,,,,,23.3,21.3,18.1,,,,,,,,23.6,18.8,17.2,13.4,,,,,24.7,20.3,17.2,,,,,,22,17.9,,,,,,15.3,,,,,,,,,,,,,,,,,,,,,,,,,
Cornus_mas,,,,,,,,,,,,,,,,,,,,,,,,9,,,,,,,,,,18.7,17.5,21.5,19.5,18.4,19.1,18.8,18.9,13.7,18.3,19.5,19.2,19.6,20.5,18.8,21.3,,19.7,20.1,15.2,20.4,20.3,21.4,20.7,18.2,21.5,21.9,21,19,,22.9,21.8,18.6,14.9,22.5,21,18.2,,24.1,17.3,17.8,15.4,,,25.2,19,,,,,23.8,19.4,18.9,,,,24.2,20,18.5,16.4,,,23.6,22.8,20.7,19.8,18.9,17.5,17.9,,,24.6,19.6,20.9,16.8,,,,23.7,19.7,20.5,17.1,,,,,22.3,21.5,20.1,19.7,,,,,,,,24.2,20.7,19.6,,,,,,,23.7,21.9,18.7,,,,,,,,23.8,19.5,18,14.9,,,,,25,20.5,18,,,,,,22.3,18.9,,,,,,16.1,,,,,,,,,,,,,,,,,,,,,,,,,
Cornus_mas,,,,,,,,,,,,,,,,,,,,,,,,,,,,,,,,,,19.8,19.1,,19.9,,19.8,20.4,19.3,18.3,18.5,20,20,20,,19.3,22,,19.8,20.5,15.8,20.9,20.8,21.9,21.7,18.8,22.3,22.6,21.6,19.8,,23.5,22.2,19.8,17.9,22.9,22,19.8,,24.2,18.9,18.3,16.3,,,25.9,20.5,,,,,24.3,20.1,19.9,,,,24.7,20.6,19.3,,,,23.8,,21.4,21.2,20.2,19.7,,,,25.2,20.9,22.3,18.4,,,,24.1,20.4,21.3,19,,,,,22.8,22.3,21.5,20.1,,,,,,,,24.6,21.4,20,,,,,,,24.2,23.6,19.3,,,,,,,,24.1,20.7,16.6,16.5,,,,,21.9,21.2,19.2,,,,,,23.2,19.6,,,,,,18,,,,,,,,,,,,,,,,,,,,,,,,,
Prunus_armeniaca,5.6,4,,,5.3,4,6.2,4.8,4.9,4,0.8,4.1,2.4,,2.9,2,4.2,4.1,4.9,3.9,3.6,10.7,3.8,3.6,3,3.4,3.9,3.1,8.4,6.1,10.3,4.9,6.9,9.2,6.5,8.8,12.2,13.8,10.7,7.4,10.2,13.3,8.6,13.2,11.2,12.9,8.5,10.6,16,9.6,8.7,11,6.3,15.3,18.3,12,12.9,5.4,18.2,14.4,9.7,,,19.3,10.8,3.9,,21.4,12.9,10.3,,21.8,13,3.8,,,,20.5,16.7,,10,,,20.7,11.1,,12.2,9.6,,20.3,14,,14,9.8,4,15.1,,,9.9,,,3.5,,,18.7,,,3.4,,,,16.3,3.4,,,,,,,16.8,3.8,4.1,,,,,,,,,13,,2.8,,,,,,,13.7,2.6,15.1,3.7,1.9,,,,,,13.7,4.4,12.4,4.4,,,,,11,13.9,5.7,,,,,,13.5,4.2,,,,,,4.4,,,,,,,,,,,,,,,,,,,,,,,,,
Prunus_armeniaca,6,4.6,,,,9.1,,5.6,,,2.2,6.7,6.5,,8.3,2.9,9.1,6.8,5.1,4.6,5.7,11.5,4.4,9.6,4.6,8.4,4,11.5,9.1,9.3,14.3,12.1,,9.3,7.5,10.1,13.1,15.7,12.5,10.8,10.3,13.8,9.6,15.1,12.6,14,10,11,17.5,11.7,10.8,11.2,9,16.1,18.6,12.2,14,6.2,20.2,16.6,11.2,,,20.8,12.2,9.6,,22.1,16,10.6,,22.1,13.7,4.7,,,,21.1,17,,10.1,,,20.9,14.7,,12.3,9.8,,20.3,15.5,,14.1,10.2,4.1,16.4,,,13.3,,,4.1,,,19.4,,,7.2,,,,16.7,3.7,,,,,,,17.5,4.1,4.3,,,,,,,,,16.3,,3.1,,,,,,,14.1,4.2,13.7,3.8,2.3,,,,,,13.9,4.6,8.2,4.2,,,,,14.3,10.1,,,,,,,14.5,5,,,,,,4.5,,,,,,,,,,,,,,,,,,,,,,,,,
Prunus_armeniaca,6,3.8,,,,,,,,,8.9,,,,,,,,9,,,13.1,11.3,12.2,6.7,,,14.5,10.4,14.7,,13.8,,14.2,8,10.3,13.6,16.8,13.2,11.8,12.1,16,10.1,15.8,14,15.2,10.9,12.3,17.9,13.1,11.9,12.2,,16.4,19.6,12.4,15.7,8.7,20.3,16.9,12.1,,,20.8,15.7,11.1,,23.3,17,11.9,,22.5,14,9.6,,,,21.5,17.2,,11.9,,,21.2,17.3,,14.1,11,,20.9,16.8,,14.3,11.5,6.5,18.8,,,13.6,,,7.2,,,19.7,,,9.5,,,,17.3,4.4,,,,,,,18.8,5,4.4,,,,,,,,,17.4,,3.2,,,,,,,15.8,4.2,12.8,4.5,2.8,,,,,,14,15.6,4.5,,,,,,14.7,4.3,,,,,,,14.8,,,,,,,4.7,,,,,,,,,,,,,,,,,,,,,,,,,
Prunus_armeniaca,5.6,4.1,,,,,,,,,,,,,,,,,,,,13.4,,,,,,,11.5,14.9,,,,,8.7,10.4,14.1,17.2,,12,12.4,17.9,10.9,17.2,16.2,16.5,11.5,13.5,18,14.8,13.9,14.3,,17.1,16.7,13.2,15.8,14.8,20.4,17.3,13,,,21.1,18,11.7,,24,17.6,12.3,,22.8,14.4,12.4,,,,21.7,17.5,,13.3,,,21.7,17.6,,14.6,13,,21.8,17,,14.5,12,8,19,,,14.6,,,9.3,,,20.5,,,10.9,,,,17.7,8.9,,,,,,,19.2,,5,,,,,,,,,18,,3.3,,,,,,,16,4.3,8.7,5.5,2.8,,,,,,15.1,4.2,3.7,,,,,,14.9,4.2,,,,,,,15.6,,,,,,,4.8,,,,,,,,,,,,,,,,,,,,,,,,,
Prunus_armeniaca,5.4,,,,,,,,,,,,,,,,,,,,,,,,,,,,12.3,15.7,,4.3,,,12.5,10.9,14.8,19,,13.7,11.1,12.4,14.9,17.7,16.6,10.2,11.6,14.4,20,12.3,14.1,15.3,,18.2,18,14.3,18.9,,20.6,17.5,13.4,,,22.4,19.6,,,,17.7,13.1,,22.9,14.6,13.7,,,,22,18,,13.7,,,22,18.8,,14.7,13.5,,21.9,18.6,,15.2,12.2,9.5,20.1,,,14.9,,,9.7,,,21,,,13.1,,,,18,9.6,,,,,,,20.2,,11.3,,,,,,,,,18.4,,3.8,,,,,,,16.6,4.4,8,9.7,3.8,,,,,,15.4,4.2,3.3,,,,,,15.2,4.2,,,,,,,15.9,,,,,,,,,,,,,,,,,,,,,,,,,,,,,,,,
Prunus_armeniaca,,,,5.1,,3,4.7,4.4,4.7,3,3.6,3.5,3.3,4.9,3.9,3.2,4.6,2.9,3,3.7,4.8,4,4.6,3.9,4,4.9,4,8.8,13.6,3.1,12.2,12.5,10.8,9.3,9.6,12.3,12.7,15.5,13.6,14.2,11.7,13.1,9.6,18.6,12.8,12.1,11.8,15,16.9,13.6,14.2,,,17.7,18.6,16.1,,,20.7,17.7,14.5,,,22.6,,,,,18,14.8,,24.1,14.7,14.7,,,,22,18.2,,14,,,22.3,19.4,,15,14.3,,22.1,18.7,,15.3,12.6,10.3,20.3,,,15.9,,,10.5,,,21.3,,,14.3,,,,18.2,10.1,,,,,,,20.8,,12.5,,,,,,,,,19.3,,4.6,,,,,,,17.8,5,6.2,13.2,3.8,,,,,,15.5,4.3,3.4,,,,,,16,4.2,,,,,,,16.1,,,,,,,,,,,,,,,,,,,,,,,,,,,,,,,,
Prunus_armeniaca,,,,5.5,,4.1,5.9,5.6,5.1,4.7,4.5,4.6,3.9,5.1,4.5,4.1,5,4.5,4.8,4.8,6.2,5.1,6.4,8.7,4.5,5.6,4.8,11.8,14.7,5.1,14.2,13.7,14,12,11.3,,13.9,15.6,15.7,14.6,12.4,15.2,10.7,20.5,14.8,13.3,12.3,15.9,18.2,14.4,15.5,,,18.3,18.9,17.6,,,20.8,17.9,15.9,,,23.1,,,,,18.7,15.5,,24.2,15.3,15.2,,,,22.7,18.4,,14.9,,,22.9,19.4,,15.4,14.7,,22.4,,,16.1,13.8,11.5,20.5,,,16.2,,,12.6,,,21.9,,,13.2,,,,18.8,11.9,,,,,,,21.3,,13.7,,,,,,,,,19.5,,8.2,,,,,,,18.3,5,5.7,15.2,3.9,,,,,,16.3,4.4,3.5,,,,,,16.1,4.3,,,,,,,16.3,,,,,,,,,,,,,,,,,,,,,,,,,,,,,,,,
Prunus_armeniaca,,,,8,,,,,,,4.6,,,5.7,,,,,5,5.2,,6.3,,12.1,5.9,11.7,13.6,16.6,16.2,7.6,14.7,15.2,,13.2,13,,15.8,15.8,16.5,14.8,13.4,16.5,13.3,20.9,15,14.4,13.5,18.1,19.3,16,15.8,,,20.3,20.5,,,,,18.5,18.3,,,,,,,,,16.6,,24.9,16.1,16,,,,23.6,18.7,,15,,,23.2,19.6,,15.9,15.5,,22.5,,,16.3,18.7,15.5,20.4,,,16.7,,,16.5,,,22.3,,,10.6,,,,19.2,,,,,,,,20.2,,13.9,,,,,,,,,20.3,,10.9,,,,,,,18.7,5,4.3,16.8,6.7,,,,,,16.9,,3.6,,,,,,16.6,4.3,,,,,,,16.7,,,,,,,,,,,,,,,,,,,,,,,,,,,,,,,,
Prunus_armeniaca,,,,9.8,,,,,,,,,,,,,,,,,,10.3,,14.8,7.7,,,,18.7,13.3,,16.6,,13.3,15.6,,18.2,16,17.8,16.2,15.2,17.4,13.8,,16.1,17.1,14.9,,20.6,19,,,,20.8,20.8,,,,,18.9,,,,,,,,,,17.3,,,16.8,16.9,,,,,19.3,,15.5,,,23.5,20,,16.4,16.1,,22.6,,,17.4,,16.5,21.2,,,,,,18.2,,,22.8,,,8.3,,,,19.5,,,,,,,,19.4,,13.6,,,,,,,,,20.7,,11.3,,,,,,,19.2,11.2,4.2,17.4,9.6,,,,,,18.5,,3,,,,,,17.6,4.2,,,,,,,17,,,,,,,,,,,,,,,,,,,,,,,,,,,,,,,,
Prunus_armeniaca,,,,,,,,,,,,,,,,,,,,,,,,,,,,,,17.4,,,,16.1,17.5,,20.9,17.9,,16.9,15.9,17.9,,,16.6,,15.7,,22.3,,,,,22.1,,,,,,21.1,,,,,,,,,,,,,,18.4,,,,,,,16.3,,,,20.1,,16.8,18.1,,22.9,,,17.7,,,21.3,,,,,,,,,,,,,,,,20.8,,,,,,,,18.8,,15.9,,,,,,,,,18.3,,14.1,,,,,,,,14.6,4.1,18.9,14.8,,,,,,,,4.2,,,,,,18.5,,,,,,,,,,,,,,,,,,,,,,,,,,,,,,,,,,,,,,,,
Prunus_nigra,5.5,2.9,,5.1,3.9,3.8,4.5,9.6,4.8,3.8,4.6,3.8,3.3,6.2,3.6,3.5,4.9,,3.6,4.5,3.3,3.8,17.4,2.9,3.2,5,4.3,2.9,3,3.2,3.9,3.5,3.1,4.3,3.1,2.1,3,3.4,3.3,3,3.2,3.4,4.6,11.1,3.8,4.5,4.8,15.9,13.7,,11.6,12.8,14.9,15.5,4,18,18.7,12.8,20.8,22.9,22.3,9.2,12.9,12.2,6.2,20.4,4.6,20.5,20.6,4.3,8.6,24.5,18,,,2.7,12.3,28.6,,,18.9,16.6,11.7,23.3,23,,16.8,20.2,16.4,23.9,24.8,,21.1,19.4,12.7,25.1,,,20.8,,,18.1,14.8,3.7,27.2,,,24.5,13.3,6,7.1,27.1,23.7,,,19.6,12.3,12.2,,23.3,,,16.1,16.3,13.2,,,,,,21.4,,17.9,,16,,,,,21.3,,14.6,,16,,4.4,,,,17.7,,18.2,,9.3,,,,18.7,,16.7,,10.6,,,,4.6,,3.6,,3.5,,,8.5,,,,,,,4.1,,,,,,,,,,,,,,,,,,
Prunus_nigra,3.8,3.3,,13.3,,4.7,5.5,13.7,5.2,,,,3.7,7.4,4,,6,,9.3,,,,,,,,,,,5.5,,,,,,4.3,,4.2,,,,,,12.1,4.5,,,16.7,14.4,,15.1,17.1,16.6,16.7,,20.8,22.2,13.3,21.3,23.8,23.8,12.3,17.8,14.5,8.3,,4.7,22.4,21,6,13.4,24.8,18.4,,,3.1,16.1,31.2,,,19.9,20.4,13.8,23.8,23.6,,17.7,20.6,18.8,25.8,25.7,,22.4,21.1,12.8,24.6,,,21,,,19.3,17.5,4,27.4,,,23,14.2,6.6,7.3,28.9,24.2,,,20.2,13.7,12.4,,24.8,,,17.6,20.7,15.5,,,,,,22.2,,18.4,,18.1,,,,,21.5,,16.4,,18.2,,6.6,,,,19.3,,18.6,,10.3,,,,19.2,,16.9,,13.6,,,,6,,3.9,,3.6,,,10.9,,,,,,,5.5,,,,,,,,,,,,,,,,,,
Prunus_nigra,5.9,3.7,,,,,,14.5,,,,,,7.9,,,,,,,,,,,,,,,,17.1,,,,,,,,,,,,,,9.8,,,,16.9,15.2,,18.3,18.1,17,18.2,,22.7,,14.4,23,24.4,25.8,14.9,18.5,16.4,9.5,,9.8,17.5,21.5,19.8,,25.3,19.2,,,9.3,16.4,31.7,,,21.8,21,14.5,27.9,24.1,,18.6,21.4,19.2,32.1,27.1,,23.6,22.2,13.6,27.3,,,23.2,,,20.6,,6.8,28.6,,,,14.8,7.8,8.5,,25,,,20.5,14.5,13.8,,25.4,,,18.6,23.3,17.7,,,,,,23.7,,18.5,,19.3,,,,,25.4,,17.7,,18.4,,9.7,,,,19.5,,18.8,,10.7,,,,19.1,,18.6,,14.8,,,,10.9,,15.6,,3.9,,,11.2,,,,,,,5.7,,,,,,,,,,,,,,,,,,
Prunus_nigra,5.1,6.1,,,,,,,,,,,,,,,,,,,,,,,,,,,,,,,,,,,,,,,,,,,,,,17.4,15.5,,19.3,19,17.5,20.7,,,,16.9,,24.9,25.9,17.7,19,16.7,9.9,,9.8,,22.2,20.4,,25.9,19.9,,,15.5,17,28.5,,,22.4,21.4,18,28.5,24.2,,19.9,22.7,20.3,33.3,,,23.4,,,27.6,,,24,,,23.1,,9.1,,,,,15,8.4,9.1,,,,,21.7,17.3,15.7,,26.2,,,20,,19.7,,,,,,24,,20.2,,19.8,,,,,25.8,,18.4,,19.2,,12,,,,20.4,,19.2,,12.2,,,,19.3,,19.3,,15,,,,13.6,,16.2,,4.7,,,11.8,,,,,,,6.6,,,,,,,,,,,,,,,,,,
Prunus_nigra,5.5,,,,,,,,,,,,,,,,,,,,,,,,,,,,,,,,,,,,,,,,,,,,,,,18.2,16.8,,20.1,20.2,,22.5,,,,17.9,,25,,18.4,,18.3,10.8,,10.2,,22.5,,,26.7,21.4,,,15.7,17.3,28.2,,,22.9,22.7,19,29.3,25.5,,21.1,24.5,21.1,33.9,,,24.1,,,27.9,,,25,,,24.3,,11.2,,,,,15.3,8.9,10.3,,,,,22.4,19.3,17.1,,27.1,,,20.9,,22.4,,,,,,25.4,,20.8,,20.2,,,,,,,19.1,,20.5,,14.3,,,,20.8,,19.5,,13.5,,,,20.5,,19.8,,16.2,,,,14.6,,16.6,,10,,,12.7,,,,,,,8.7,,,,,,,,,,,,,,,,,,
Prunus_nigra,,,,3.5,4.6,3.7,3.3,3.8,3.7,4.1,3.6,3.8,3.4,3.6,4.2,3.7,3.3,3.4,3.6,3.2,3.1,3.3,4.3,3.7,4.1,4.1,3.1,4.2,,3.4,4.3,3.5,3.4,4.1,3.6,,,2.7,3.2,,3.5,,,,,,,18.6,,,20.4,21.6,,24.4,,,,,,,,20.6,,,,,,,23.5,,,27.1,21.9,,,17.7,18.1,24.6,,,23.6,22.9,20.3,,26,,21.5,,23.2,26.1,,,24.4,,,,,,,,,,,15,,,,,15.9,9.4,10.7,,,,,23.5,20.9,19.7,,28.5,,,22.4,,,,,,,,26.6,,21.5,,21.5,,,,,,,19.3,,22.4,,14.9,,,,21,,19.9,,14.1,,,,20.7,,20,,17.3,,,,16.3,,,,10.2,,,14.2,,,,,,,10.5,,,,,,,,,,,,,,,,,,
Prunus_nigra,,,,5,7.4,9.9,5.4,4.9,4.2,,4.4,4.4,4.2,4.6,5.3,,4.3,3.7,4,,4.7,4.7,6.1,4.7,5.1,5.5,4.5,,,3.7,4.6,4.7,4.6,,,,,3,,,,,,,,,,19.4,,,,22.3,,28,,,,,,,,,,,,,,,,,,29.4,25.4,,,18.2,19,26.8,,,24.7,23.2,20.9,,,,22.4,,,27.4,,,24.9,,,,,,,,,,,18.1,,,,,17,11,12.8,,,,,,22.6,,,,,,23.1,,,,,,,,28.5,,21.8,,22.3,,,,,,,21.5,,22.9,,18.2,,,,21.7,,20.4,,14.7,,,,21.2,,,,18.5,,,,18,,,,11.3,,,16.6,,,,,,,13.4,,,,,,,,,,,,,,,,,,
Prunus_nigra,,,,,12.7,10.6,,,9,,,,,5.1,,,,,,,,,,,,,,,,4.5,,,,,,,,,,,,,,,,,,,,,,22.7,,18.9,,,,,,,,,,,,,,,,,,31.1,27,,,20.7,,,,,,24.1,,,,,,,,27.7,,,25,,,,,,,,,,,18.3,,,,,17.2,12.1,13.5,,,,,,,,,,,,24.2,,,,,,,,,,,,,,,,,,,22.6,,,,17.2,,,,22.1,,20.4,,15.8,,,,21.9,,,,,,,,19.1,,,,12.2,,,17.3,,,,,,,14.3,,,,,,,,,,,,,,,,,,
Prunus_nigra,,,,,,,,,,,,,,,,,,,,,,,,,,,,,,,,,,,,,,,,,,,,,,,,,,,,23,,17.8,,,,,,,,,,,,,,,,,,35.1,28.4,,,,,,,,,,,,,,,,,29.3,,,,,,,,,,,,,,18.7,,,,,17.3,12.8,18.8,,,,,,,,,,,,25.4,,,,,,,,,,,,,,,,,,,17.8,,,,11.8,,,,24.1,,,,17,,,,20.4,,,,,,,,20.4,,,,,,,19.2,,,,,,,,,,,,,,,,,,,,,,,,,
Prunus_nigra,,,,,,,,,,,,,,,,,,,,,,,,,,,,,,,,,,,,,,,,,,,,,,,,,,,,,,,,,,,,,,,,,,,,,,,,,32.2,,,,,,,,,,,,,,,,,30.6,,,,,,,,,,,,,,,,,,,14.6,14,20.2,,,,,,,,,,,,,,,,,,,,,,,,,,,,,,,19.1,,,,14.9,,,,,,,,,,,,21.2,,,,,,,,18,,,,,,,19.4,,,,,,,,,,,,,,,,,,,,,,,,,
Acer_rubrum,7.2,4.8,,6.5,9.8,6.6,13.8,,5.8,5.9,6.1,5,5.6,16.9,5.4,4.5,4.2,5.2,14.2,5.6,6.3,14.4,6.5,5.8,4.2,5,11.8,13.9,14.9,17.6,19.3,16,21,10.5,13.6,15.5,15.5,21.4,19.8,17.1,18.2,18.1,13.7,21.8,18.4,20,19.1,14.5,19.6,18.4,19.3,19.6,20.1,27.2,20.9,13.8,20.9,14.3,21,20.2,8.7,6.8,18.8,22.8,21.9,18,17.4,18.3,19.5,16.5,19.5,22.4,15.2,16.1,,,9,23.7,22.7,,20.8,19.5,20.4,21.7,24,,18,19.2,8.2,27.8,15.8,,10.9,7.3,,24.3,,,17.6,,,12.4,17.3,3.9,24.1,,,17,13.4,15.6,4.3,19.3,21.2,,,16.4,4.9,,,15.8,,15.8,13.9,,,,,,,,24,17.1,16.4,15,9.9,,,,,23.6,16.3,15.3,6.8,,,,,,,18.4,,14,6.6,6.5,,,,18.3,13.7,8.6,,,,,,13.9,12,6.4,,,,,6.7,,,,,3.7,,,,,,,,,,,,,,,,,,,,
Acer_rubrum,13.5,7.6,,,,15.3,15.4,,8,,7.3,9.3,6.8,17.4,12.4,11.5,5.5,10.5,14.4,11,11.2,18,15.2,9.7,12.7,10.4,13.4,16.5,15.1,17.9,20.1,21.9,,20.7,14.5,17.7,16.1,,20.1,19.8,20.8,18.2,16.1,22.4,19.1,20.6,19.8,21.4,21.7,19.8,19.5,20,22.3,25.9,22.7,15.2,21.6,19.8,21.8,20.5,14.4,21.8,19.3,24.2,22.2,19.2,21.4,25.7,20.3,20.2,22.2,22.9,18.8,17,,,10.6,24.8,23.7,,22.4,20.5,20.5,24.4,24.4,,21,19.7,12.5,28.4,18.9,,12.8,12.8,,25.8,,,17.9,,,14.6,17.9,4.2,24.7,,,17.4,16.1,15.9,5.3,21.1,23.3,,,18.5,7,,,22.3,,17.2,15.3,,,,,,,,25.1,20.6,17.7,16,13.6,,,,,24.1,19.9,16.6,13.3,,,,,,,19.5,,15.5,12.3,7,,,,18.6,15,10.2,,,,,,17.3,13.8,7.8,,,,,9.8,,,,,6.1,,,,,,,,,,,,,,,,,,,,
Acer_rubrum,14.4,7.9,,,,,20.4,,,,8.6,13.9,10.2,18.7,,16.4,15.3,14.8,17.5,11.5,16.4,,,13.3,13.9,15.6,15.8,18.2,15.5,18.5,,,,20.9,17.4,17.9,16.3,,21.6,21.3,20.9,18.4,17.1,22.5,21,20.8,20.2,22.6,22.9,21.8,20.8,20.3,25.8,26.4,23.4,16.2,22.2,20.5,22.4,21,17.5,22.7,20.2,25.3,22.5,20.5,22.4,26.5,21,24.1,22.9,23.1,20.9,19.8,,,12.1,25.7,24.3,,23.2,21.2,20.9,24.8,24.7,,22,21.2,14.3,28.9,19.5,,13.6,14.1,,26.2,,,18.4,,,17.6,18.8,7.9,25,,,17.6,17.4,17.3,9.6,23.5,23.8,,,19.1,8.7,,,22,,18.2,16.4,,,,,,,,25.6,21.6,18.4,16.3,15,,,,,24.7,20.9,18.1,16,,,,,,,19.9,,16.1,13.7,8.2,,,,19.5,16.1,11.5,,,,,,18,15.5,10.1,,,,,11.4,,,,,8.2,,,,,,,,,,,,,,,,,,,,
Acer_rubrum,14.6,,,,,,,,,,10.6,,,,,18.1,15.7,16.5,18.2,,19.3,,,,,,16.9,,16.4,19.2,,,,,,19,18.2,,21.9,,,17.8,18,23.9,21.9,21.4,20.4,,22.1,22.8,21.1,21,,27.2,23.9,23.2,22.8,22.2,22.6,21.2,18.5,23.3,20.8,25.9,23.8,21.1,22.7,26.8,21.4,24.5,23.1,23.8,24.5,21.2,,,14,26.4,24.6,,23.9,21.9,,25,25.3,,23.7,22.2,17.6,29.4,20.1,,15,14.4,,26.5,,,19.2,,,18.1,19.4,8.5,25.7,,,18.1,19.6,17.5,12.7,24.5,24.6,,,19.6,11.4,,,22.6,,18.5,16.7,,,,,,,,26.1,22.6,18.8,16.7,15.8,,,,,25.2,21.3,18.6,17.1,,,,,,,20.8,,16.9,15,9.3,,,,19.8,17.1,13,,,,,,18.9,16.2,11,,,,,13.3,,,,,9.8,,,,,,,,,,,,,,,,,,,,
Acer_rubrum,6.6,,,,,,,,,,,,,,,,16.2,20.2,,,,,,,,,,,,,,,,,,20.4,,,,,,18.8,,,22,,20.8,,22.7,21.3,21.5,21.4,,27.8,24.2,23.6,23.1,22.6,23.1,21.6,21.2,23.5,21.6,26,24,21.8,23,27.5,21.8,25.2,23.5,24.1,30.4,22,,,18.7,26.9,25,,0.3,23.3,,25.3,25.5,,24,22.8,19.1,29.6,21.1,,15.7,15.3,,27,,,19.8,,,18.7,20.1,15.1,26.1,,,18.6,20.5,18,14.8,24.6,25,,,20.2,13.6,,,23,,19,17.1,,,,,,,,26.8,23.2,19.3,16.8,16.4,,,,,25.7,21.7,19.7,17.3,,,,,,,21.8,,17.5,15.4,11.2,,,,20.3,17.8,13.6,,,,,,19.7,17.3,13,,,,,14.3,,,,,11.7,,,,,,,,,,,,,,,,,,,,
Acer_rubrum,7.4,,,6.2,6.8,5.3,5.6,6.6,5,5.7,6.2,5.8,5.8,5.2,5.9,2.9,4.8,5.1,5.6,4.6,5.6,5.1,5.9,5.3,5.7,6,5.6,4.6,,5.7,4.5,5.1,23.5,20.3,19.5,,,14,17.4,18.6,21.5,21.2,,,20,,22.4,,24.8,21.5,21.7,22.1,,28.7,21.7,23.8,23.8,23.2,23.2,22.1,21.4,23.8,22.3,26.1,24.3,23.8,24.1,30.1,22.3,,23.9,24.3,,23.1,,,20,27.5,25.6,,26.1,24.2,,,,,24.6,24.9,19.9,,21.7,,16.1,16.1,,27.5,,,20.3,,,19.4,20.8,17.2,26.3,,,19.2,21.2,18.5,15.5,25.1,25.7,,,20.8,14.5,,,23.5,,19.7,17.6,,,,,,,,27.2,23.5,19.6,17.2,17.2,,,,,26,22.3,20.8,17.8,,,,,,,22.2,,18.2,16,12.5,,,,20.7,18.4,14.4,,,,,,20,17.5,14.5,,,,,15.1,,,,,13.5,,,,,,,,,,,,,,,,,,,,
Acer_rubrum,5,,,6.5,10.6,5.6,6.3,7.7,6.8,6.2,6.4,,6.8,5.9,6.6,5.1,5.5,5.7,6.2,5.5,5.8,5.6,7,5.8,6.7,6.5,6.2,21.8,,6.3,4.8,6.1,24.6,21.4,20.4,,,20,19.2,19.9,21.9,,,,,,23.6,,,21.7,23.3,22.6,,,25.5,25.7,24.1,24,23.9,22.5,21.9,24.2,23.2,26.4,25,24.2,26,,23,,,24.8,,23.4,,,21.8,27.9,26,,26.4,24.8,,,,,24.8,26.1,21.8,,22.4,,16.6,18.3,,27.9,,,20.8,,,19.5,21.6,17.8,26.4,,,19.5,22.1,19.2,16.8,25.3,26.3,,,21.6,17.7,,,23.9,,20.5,18.5,,,,,,,,27.9,24.2,20.4,17.6,17.7,,,,,26.5,22.7,21.1,18.2,,,,,,,22.8,,19,16.7,13.3,,,,21.3,18.5,14.7,,,,,,20.4,18,15.6,,,,,15.6,,,,,14.5,,,,,,,,,,,,,,,,,,,,
Acer_rubrum,,,,,,6.1,6.7,8,10.5,6.7,,,,6.1,,5.7,6.1,5.8,6.5,,7,6,,10.7,,15.5,12.9,,,8,21.5,11.8,,23.1,20.6,,,20.2,20.2,,,,,,,,25.3,,,,23.5,,,,,,24.5,24.7,24.5,22.8,24.3,24.5,24.1,26.9,26.1,25.5,26.6,,23.7,,,,,24.5,,,23,28.8,26.7,,,,,,,,25.2,,22.1,,23,,17.3,20.2,,,,,22.2,,,19.8,22.4,18.8,26.8,,,20.1,23.3,20.1,19.4,26,,,,22,18.5,,,24.5,,22.4,19.4,,,,,,,,,24.6,21.1,18.1,18.1,,,,,,23.3,21.4,18.4,,,,,,,23.4,,19.5,17.1,14.9,,,,21.8,19.1,15.3,,,,,,20.9,19.2,16.6,,,,,16.1,,,,,15.3,,,,,,,,,,,,,,,,,,,,
Acer_rubrum,,,,,,,,,,,,,,,,6.1,6.4,,8.4,,,11.2,,16.9,,16.1,18.7,,,17.8,22.8,15.3,,,,,,,20.8,,,,,,,,,,,,,,,,,,24.8,,,23,26.2,25.1,24.7,,,27.2,,,24.3,,,,,26.1,,,25.1,,,,,,,,,,,,23.8,,24.8,,18.1,21.1,,,,,,,,22.7,23.4,19.5,27.6,,,20.5,23.9,20.3,19.9,27,,,,22.9,19.8,,,24.8,,23.9,20.6,,,,,,,,,24.9,22.2,18.5,18.9,,,,,,23.8,21.7,18.7,,,,,,,23.8,,20.4,17.8,16,,,,21.6,20,16.2,,,,,,21.2,19.5,17.9,,,,,17,,,,,16.3,,,,,,,,,,,,,,,,,,,,
Acer_rubrum,,,,,,,,,,,,,,,,,17.3,,,,,,,,,,,,,19.2,,,,,,,,,21,,,,,,,,,,,,,,,,,,,,,23.3,,26.1,,,,,,,,,,,,,,,25.8,,,,,,,,,,,,26.6,,25.6,,20.6,22.8,,,,,,,,24.1,,20.1,,,,21,,,21.3,27.8,,,,23.6,20.8,,,26.7,,24.8,23.3,,,,,,,,,25.3,23.4,19.4,17.3,,,,,,24.7,8.9,19.1,,,,,,,24.4,,17.2,18.7,17.2,,,,20.3,18,16.6,,,,,,19.8,20,13.2,,,,,17.6,,,,,13.9,,,,,,,,,,,,,,,,,,,,
Acer_saccharum,4.5,6.3,,6.6,6.3,5.4,4.6,6.6,4.8,5.4,,5.6,4.3,4.6,4.1,5.6,5.5,5.8,6.6,3.6,4.2,5.4,6.4,4.4,4.7,3.9,19.7,3.4,,17.1,20.9,,19.3,12.6,16.7,19.1,,24.1,23.7,22.3,21.4,21,18,20.7,20.6,19.1,18.8,17.9,25.1,24.4,21.8,20.3,17.9,23.6,25.6,20.3,19.5,16.5,28.2,21.7,20,18.2,21.3,29.7,22.6,19.4,20.4,29.4,23.8,20.8,19.6,25.5,27.3,23.7,,20.8,21.6,29.2,24,,23.1,25.1,20.3,28.5,28,,23.4,21.9,21.8,31.5,28.5,,24.7,19.1,22.7,26.4,,,29.4,,,22,16.5,17.8,26.8,,,24.7,26.6,22.6,21.2,29.6,24.5,,,25.4,24.1,26.4,,28.7,,,27,27.2,25.6,,19.9,,,,30,,28.4,,27.5,,26.9,18.1,,24.1,29.4,25.3,,27,,26.1,19.2,,,31.6,,27.6,,29.1,22.5,21,,25.2,27.2,25.7,,23.7,,,,26.3,,25.1,,21.2,18.5,14.7,24.2,26.5,21.9,16.8,17.7,,,20.2,20.6,18,,,11,,8.5,,5.1,,,,,,,,,
Acer_saccharum,4.4,7.2,,,,,4.9,7.1,5.5,5.6,,,5.1,5,4.5,5.8,5.8,18.2,19.6,11.8,,8.6,,20.1,20.2,18.4,20.8,20,,19.1,23,,24.4,19,16.8,,,24.6,25.2,23.5,22.2,22.9,20.7,21.5,20.9,20.3,19.5,19.1,26.3,24.8,22.7,21,19.5,26,26.4,21.8,20.8,17.3,28.7,21.8,21.8,18.7,21.4,30,23.1,21.3,21.3,29.7,23.9,22.3,20.3,28.9,29.3,24.9,,22.5,21.9,30.2,25.2,,25.1,25.6,20.8,29.4,28.7,,24.9,23,22.5,31.7,28.6,,25.4,23.1,23.2,28.7,,,29.6,,,23.1,16.8,18.7,31.3,,,24.9,26.9,24.1,22.5,30.1,26.4,,,26.3,24.8,26.8,,29.2,,,27.1,28.2,26.4,,20.4,,,,30.3,,29.7,,27.6,,28,18.4,,27,29.5,26.1,,29.2,,26.2,22.5,,,31.3,,27.9,,29.8,23.9,21.7,,29.5,27.5,26.1,,23.8,,,,28.7,,25.8,,21.6,19,14.9,24.8,26.4,25.4,17.9,20,,,,21.3,18.7,,,14.2,,9.8,,8.3,,,,,,,,,
Acer_saccharum,4.5,6.1,,,,,,9.1,,,,,,,6.4,,,,,14.9,,16.7,,,21.4,19.7,21.3,20.3,,21.6,,,,22.1,,,,,27.5,24.1,22.8,23.2,17.6,21.8,21.5,21.5,19.9,19.4,24.9,25.7,23,21.5,20,28.5,26.6,23,21.1,18.1,29.3,24.7,22.1,19.6,21.8,30.2,23.8,21.7,23.1,30.7,24.2,23,21,29.2,,25.4,,24.2,22.4,30.7,25.6,,25.2,25.8,20.9,30.9,29,,26,24.1,24.9,32.1,29.1,,28.7,23.6,23.5,30.2,,,30.2,,,29.2,24.1,24,31.6,,,29.4,27.3,24.3,23.2,30.6,27.6,,,27.4,25.7,27.4,,29.8,,,27.5,28.3,26.6,,23.3,,,,30.6,,30.2,,27.7,,28.6,19.9,,29.4,30.6,27.4,,29.7,,27.1,25.4,,,31.3,,28.3,,30.2,26.9,22.4,,30.8,27.7,26.8,,24.4,,,,29,,26.2,,22.8,24.7,15.4,25.6,26.9,25.6,19.5,20,,,,18.2,18.9,,,14.4,,10.4,,10.1,,,,,,,,,
Acer_saccharum,9.2,6.3,,,,,,,,,,,,,,,,,,,,,,,22.5,20.1,,20.4,,,,,,,,,,,,25.1,17.2,14.9,18.3,,20.7,19.8,21.2,21.2,26.4,25.8,23.5,22,20.4,,25.7,23.4,21.7,19.2,29.5,26.3,23.1,21,22.8,,24,22,23.5,,25.9,23.6,21.6,29.6,,26.1,,24.8,23.1,34.5,26.3,,26.1,26.7,21.5,31.5,29.6,,26.3,24.4,26.8,32.7,29.7,,29,24,25,32.4,,,,,,29.5,24.7,24.2,29.2,,,30.6,28.3,24.5,27.5,31.1,28.6,,,27.9,27.1,28,,30.4,,,27.7,28.9,27.8,,25.6,,,,31,,30.6,,28.5,,28.7,23.5,,31,30.7,28.3,,29.8,,27.4,26.3,,,31.8,,28.5,,30.5,27.4,22.8,,31.7,28.1,27.4,,24.5,,,,29.5,,26.6,,22.9,25.1,16.2,26,27.4,26,19.7,,,,,15.1,19.1,,,14.7,,11.2,,10.8,,,,,,,,,
Acer_saccharum,8.3,6.4,,,,,,,,,,,,,,,,,,,,,,,,,,,,,,,,,,,,,,21.9,18,19.1,,,,,,23.3,,26.5,25,,,,26.6,23.7,,20.5,31.5,,23.5,22,24.2,,28.1,22.6,24.3,,27.1,25.2,21.9,30.6,,27.3,,,24.1,,27.5,,26.7,,21.7,,30.9,,,27.9,28.3,32.7,,,,25.5,,,,,,,,29.8,25.8,24.6,29.3,,,31,28.7,25.1,27.7,33.9,29.2,,,,28,29.6,,30.9,,,29,29.3,28.2,,26.7,,,,31.6,,,,28.6,,29.3,,,32.2,33.4,28.6,,30.2,,29,26.5,,,32.5,,28.7,,31.1,28.4,23.6,,32,29,28,,24.8,,,,29.8,,27.2,,24.1,25.3,16.5,26.5,28.6,26.6,21.3,,,,,21,19.5,,,15.9,,12.3,,13.3,,,,,,,,,
Acer_saccharum,6.4,,,,,,,6.1,,,,,,7.1,4.8,4.7,5.3,4.7,5.2,4.8,5.2,3.9,4.4,3.7,4.3,5.5,4.1,5.9,,4.9,4.6,,5,18.1,12.3,,,20.7,,,,,,,,,,,,,,,,,,,,22.8,,,24.4,,,,,,,,,26.8,22.3,,,28.5,,,25.9,,,,27.1,,22.1,,,,,,,,,,,25.8,,,,,,,,,26.4,25.3,29.7,,,,30.1,25.3,27.9,34.8,29.6,,,,28.5,,,32.1,,,,,29.6,,27.1,,,,32,,,,,,,,,33,,29.2,,30.5,,,,,,32.6,,,,,,23.8,,,,28.3,,25.3,,,,,,27.5,,24.5,25.2,17.7,27,,27.2,22,,,,,,19.6,,,16.2,,6.2,,2.9,,,,,,,,,
Acer_saccharum,5.9,,,,5.5,5.1,5.1,8.6,4.2,5.7,5.2,3.4,5.7,8.4,6.5,5.3,6.9,5.2,5.7,5,5.6,4.8,4.9,4.7,4.6,6.2,5.3,19.9,,14.3,24.7,,23.6,21,,,,21.6,,,,,,,,,,,,,,,,,,,,,,,,,,,,,,,,,22.9,,,,,,,,,,,,22.6,,,,,,,,,,,,,,,,,,,,27.5,18.2,30.4,,,,,25.5,,,,,,,30.4,,,33.8,,,,,,,27.3,,,,32.4,,,,,,,,,34.6,,29.9,,,,,,,,,,,,,,24.7,,,,,,26,,,,,,28.1,,25,21.4,18.2,,,,23,,,,,,19.9,,,16.8,,8.2,,10.7,,,,,,,,,
Acer_saccharum,7.9,,,,6.1,5.3,5.8,,6.9,6.5,6.2,4.4,6.2,,,,,,9.7,,,,5.2,,17.6,6.5,,20.1,,,,,,,,,,24.6,,,,,,,,,,,,,,,,,,,,,,,,,,,,,,,,,,,,,,,,,,,,,24,,,,,,,,,,,,,,,,,,,,30,,,,,,,26.4,,,,,,,,,,,,,,,,,27.8,,,,34.3,,,,,,,,,,,,,,,,,,,,,,,,,25.2,,,,,,,,,,,,30.4,,,22.1,19.8,,,,24.2,,,,,,19.9,,,17.2,,8.7,,14.4,,,,,,,,,
Acer_saccharum,,,,,,,,,,,7.8,4.8,,,,,,,,,,,7.2,,,16.7,,22.4,,,,,,,,,,,,,,,,,,,,,,,,,,,,,,,,,,,,,,,,,,,,,,,,,,,,,,,24.9,,,,,,,,,,,,,,,,,,,,,,,,,,,,,,,,,,,,,,,,,,,,28.5,,,,,,,,,,,,,,,,,,,,,,,,,,,,,,,,,,,,,,,,,,,,23.1,,,,,,,,,,,20.4,,,18.2,,9.5,,,,,,,,,,,
Acer_saccharum,,,,,,,,,,,,,,,,,,,,,,,,,,,,,,,,,,,,,,,,,,,,,,,,,,,,,,,,,,,,,,,,,,,,,,,,,,,,,,,,,,,,,,,,,,,,,,,,,,,,,,,,,,,,,,,,,,,,,,,,,,,,,,,,,,,,,,,,,,,,,,,,,,,,,,,,,,,,,,,,,,,,,,,,,,,,,,,,,,,,,,20,,,18.5,,13.9,,,,,,,,,,,
Fagus_grandifolia,6.1,6.6,,5.3,6.5,5.6,5.4,7.2,6.9,5.6,4.3,4.6,6.3,8.3,6,5,7.6,3.5,7.1,5.2,7.7,5.9,6.9,7.4,7.2,8.6,7,10.5,9.7,9.1,10.1,10.4,9.4,10.5,9.4,11.4,10.9,12,12.6,13.3,11.1,12.4,8,13.1,13.7,12.7,11.8,14.8,11.9,14.8,14.5,11.8,12.5,15.4,14.5,13.3,11.4,12.6,14.1,13.2,13.6,13,13.7,14.4,10.4,13,10.2,14.2,13.4,13.1,9.7,13.8,13.6,15.7,,15.8,11.1,16.2,12.7,,9.7,12.1,11.3,14.7,15.1,,14.2,12.9,14.3,15.4,14.6,,14.3,14.2,12.9,13.6,,,14.1,,,13.7,13.7,9.2,15.9,,,13,14.1,9.6,13.1,15.5,15.3,,,13.7,12.4,9.9,,15.7,,,13.8,13.5,13.4,14.8,7.9,,,,16.3,,12.7,,14.9,,,,,15.3,,13.9,,14.4,,8.3,10.2,8,4.2,14.8,,13,,15.6,11.5,,,15.3,,11,,11,12.1,,,12.8,,12,,9.6,8.9,,8.1,6.6,9.9,7.7,3.6,,,8.4,7.7,5.6,,,4,,4.9,,4.6,,,,,,,,,
Fagus_grandifolia,6.8,7.2,,6.3,7,5.9,5.6,7.6,7.3,6.3,5.5,5.6,6.9,10.7,6.1,5.4,7.7,3.9,7.5,5.8,8.6,6.4,7.6,7.6,8.3,9.5,9.9,10.4,9.9,9.5,11.3,11.1,10.2,11.1,9.8,11.8,11.5,12.5,13.5,14.2,12.3,12.6,12.1,13.8,14,12.9,12,14.9,13.4,16.2,15,12.1,12.7,16.9,15.2,13.4,12.3,2.9,14.6,13.5,14.3,13.2,14,15.3,13.3,13.5,14.3,15.4,14.1,14.1,11,14.6,14.2,16.3,,15.9,12.5,16.7,13.3,,14.5,12.3,12.3,15.2,15.4,,14.3,13.2,14.8,15.9,14.7,,14.7,14.4,13.6,15.6,,,14.6,,,14.6,14,13.7,17.3,,,13.2,14.2,13.4,13.4,16.8,16.3,,,14,13,12.8,,19.2,,,14.2,13.9,13.6,15,8.8,,,,17.1,,12.9,,15.2,,,,,16.1,,14.3,,14.7,,10.2,10.8,9.5,6.7,15.4,,13.4,,15.7,12.1,,,17.2,,12.8,,12.3,13.3,,,13.1,,12.6,,10.3,9.6,,12,9.6,11.5,9.4,5.2,,,9,9.3,6.1,,,4.3,,5.8,,6.2,,,,,,,,,
Fagus_grandifolia,7.2,7.9,,6.9,7.7,6.5,6.3,8.4,,7.4,6.2,6.1,,11.4,7.3,,7.8,4.8,7.8,7,,7,9.2,9.2,9.5,10.9,,10.6,10.6,9.8,,,10.7,11.6,10.4,12.1,12.5,12.8,13.8,11.5,11.5,13.6,10.5,14.1,12.9,12.1,12.2,15,14.3,12.5,15,12.8,14.5,12.3,13.7,14.4,15.2,13.2,14.7,13.9,14.7,13.6,14.8,16.1,13.7,14.1,15.3,21.3,14.2,14.8,12,15.6,14.4,16.4,,16.2,13.7,17.5,14,,15,12.5,12.8,16.6,15.8,,14.6,13.4,15.4,16.4,15,,14.9,14.8,13.8,15.9,,,15.3,,,14.7,14.7,14.8,18.1,,,13.5,14.5,15.1,13.8,17.7,16.7,,,14.2,13.9,13,,19.6,,,14.4,13.7,13.8,15.1,11.3,,,,17.5,,13.2,,15.6,,,,,17.1,,14.7,,15.9,,11.6,11.6,11.1,7.4,16,,13.8,,16,12.6,,,17.5,,13.5,,12.8,13.5,,,14.1,,13.4,,11.7,10.3,,13.2,10.6,12.6,9.9,6.4,,,9.4,10.1,6.4,,,4.9,,5.9,,7.4,,,,,,,,,
Fagus_grandifolia,7.7,5.9,,,,,7.8,,,,,,,,,,,5.6,9,,,7.5,,,,,,,11.6,,,,,,11,12.1,11,,,12.4,12.6,12.4,10.8,14.4,13.3,12.4,12.6,15.9,,13,15.6,12.9,14.9,13.1,14.2,15.3,15.5,14.4,15.7,14.2,15.4,14.1,15,17.4,14,14.3,15.4,22.4,15.6,15.6,12.7,17.8,14.8,17,,16.4,13.9,20,14.5,,15.4,13.2,13,16.8,16.4,,15.6,13.9,16.7,16.7,15.1,,15.3,15.8,13.9,16.2,,,15.8,,,14.9,15.2,15.2,19.3,,,14.4,14.6,15.9,14.1,18.4,16.9,,,14.6,14.4,13.2,,20.1,,,14.6,14.5,13.9,15.3,12.3,,,,18,,13.4,,15.7,,,,,19.6,,14.8,,16,,12.9,12.3,12.1,8.7,16.6,,14.1,,16.3,13.7,,,17.9,,14.4,,12.9,13.8,,,14.6,,13.8,,12.8,10.9,,14.1,11.6,13.1,10.7,8.4,,,10.3,11.1,7.8,,,5.8,,8.1,,7.7,,,,,,,,,
Fagus_grandifolia,6.7,7.8,,,,,,,,,,,,,,,,,,,,,,,,,,,11.6,,,,,,,12.7,11.3,,,,,12.7,11.5,15.5,,13.4,14.2,,12.6,14.6,15.7,13.5,15.2,,14.9,15.8,16.3,,15.9,15.2,15.5,14.4,16.1,,14.6,14.8,16,22.7,,16.1,13.5,,15,,,20.4,15.1,22.2,16,,16.1,13.5,13.4,17.4,16.7,,15.9,14,17.4,17.6,15.6,,15.6,16.5,14.1,16.6,,,16.9,,,15.5,15.7,16.2,19.4,,,14.9,15,15.6,14.3,19.3,17.4,,,14.9,14.7,13.5,,20.9,,,14.8,14.7,14.2,15.6,12.9,,,,18.3,,13.7,,16.7,,,,,23,,16.1,,16.9,,13.2,12.4,13.1,9.5,17.2,,14.3,,17.3,13.9,,,18.3,,15.5,,13.2,14.2,,,15.1,,14.4,,13.4,11.2,,15.1,12.3,13.8,11.6,8.8,,,10.6,12.3,7.9,,,5.9,,8.3,,9.6,,,,,,,,,
Fagus_grandifolia,7.8,,,7.6,6.9,6.1,5.6,6.5,,,,,,11,5.7,6.1,8.2,5,8.3,6.9,5.7,4.5,5.6,4.8,9.7,4.9,9.8,8.5,,10,10.1,11.1,12,8.3,9.6,12.7,12,10.6,12.7,,,13.1,,,,,,,13.9,,16.7,14.8,,,,,,,,,,14.8,,,14.8,15.3,,23.1,,,14.3,,15.5,,,,15.8,,,,,14.7,15,18.3,17.3,,,14.3,,,,,,,14.4,17.2,,,17.7,,,16,,16.8,19.7,,,15.1,15.2,16.4,14.5,19.7,19,,,15.3,15.5,14.9,,21.9,,,15.1,15.2,14.3,15.7,14.1,,,,19.1,,14.1,,16.9,,,,,24.2,,15.8,,17.1,,13.8,13.3,13.9,10.4,17.3,,14.8,,17.5,15.3,,,18.6,,15.6,,13.5,15.4,,,15.5,,15.2,,14.6,11.6,,16.3,13,14.1,12.2,9.6,,,11.1,5.9,8.1,,,6.2,,3.8,,2.7,,,,,,,,,
Fagus_grandifolia,,,,8.1,7.2,7,6.2,9.2,7,5.1,5,5.9,4.2,13.6,7.3,6.4,8.6,6.4,8.6,7.8,7,6.2,7.5,6.4,10.4,8.5,10.9,9.3,,11.2,10.5,11.6,13.8,9.2,9.8,,,11.5,13.1,,,,,,,,,,,,,,,,,,,,,,,,,,,,,,,,,,,,,,,,,,,,16.3,19.2,,,,,,,,,,,15.3,17.4,,,,,,,,17.3,20.1,,,15.3,15.7,16.6,14.8,20.4,19.2,,,15.9,16.4,15.1,,22.4,,,15.5,16.4,14.6,16.2,15.3,,,,20.3,,14.2,,18.9,,,,,24.7,,16.5,,,,14,14.7,15.3,12.4,19.5,,14.5,,18.5,16,,,19.3,,16.4,,13.8,15.6,,,16.2,,15.6,,15,12,,16.8,13.9,14.9,12.8,11,,,11.7,7.2,8.6,,,6.7,,5.6,,4.1,,,,,,,,,
Fagus_grandifolia,,,,8.5,8,,6.5,12.7,8.7,6.5,6.2,6.1,5.4,14.7,,6.6,9.7,7,9.8,8.9,7.8,7.3,9,8.6,10.6,9.2,,10,,12.3,12.6,12.5,,9.4,10,,,13.4,13.5,,,,,,,,,,,,,,,,,,,,,,,,,,,,,,,,,,,,,,,,,,,,,,,,,,,,,,,,,17.7,,,,,,,,,,,,15.6,,,15.1,,19.8,,,,16.6,16,,,,,15.6,,15.3,16.5,15.7,,,,20.5,,,,,,,,,,,20.4,,,,14.4,,16.4,13.2,,,13.9,,,16.2,,,19.6,,16.8,,14.1,15.8,,,15.5,,16,,14.6,12.3,,13.4,14.3,16.2,,11.3,,,12.4,8.4,9,,,6.9,,6.5,,5,,,,,,,,,
Fagus_grandifolia,,,,,,,,,9.5,,6.3,6.2,5.7,,,7.2,,8.2,10.4,,,,,,,,,,,,,,,,10.2,,,,,,,,,,,,,,,,,,,,,,,,,,,,,,,,,,,,,,,,,,,,,,,,,,,,,,,,,,,,,,,,,,,,,,,,,,,,15.2,,,,,,,,,,,,,,15.2,,16.8,,,,,,,,,,,,,,,21.4,,,,16.3,,17.1,14.7,,,,,,17,,,,,,,14.9,,,,,,,,9.8,13.1,,14.7,11.2,12.8,,11.4,,,13,9.6,10.1,,,7.3,,7.1,,5.8,,,,,,,,,
Fagus_grandifolia,,,,,,,,,,,,,,,,,,,,,,,,,,,,,,,,,,,,,,,,,,,,,,,,,,,,,,,,,,,,,,,,,,,,,,,,,,,,,,,,,,,,,,,,,,,,,,,,,,,,,,,,,,,,,,,,,,,,,,,,,,,,,,,17.2,,,,,,,,,,,,,,,,,,,10.5,,12.6,9.6,,,,,,,,,,,,,15.3,,,,,,,,12.8,,,12.3,12.4,11,,12,,,10.4,10.8,11.4,,,8,,7.8,,7.3,,,,,,,,,
Forsythia,6.6,4.6,,4.4,5.4,5.1,5.1,5.2,5.2,4.7,5.1,5.5,5.5,5.7,4.8,5.9,5.6,5.8,6.2,5.7,5.3,4.8,6.1,7.8,4.4,5.7,9.2,10.3,5.9,10.3,21.2,11.2,16.8,14,18.5,17.6,15.7,19,18.5,17,18.8,18.4,5.6,17.4,14.2,12.4,6.1,6.4,19.2,19.3,15.7,4.9,5.1,21.4,20.3,19.7,11,11.9,18.9,18.3,19.1,4.9,5.6,24.2,16.3,4.3,3.8,19.4,18.5,4.5,,19.9,17,4.6,5.5,,,22.9,14.7,5.1,,,,21.8,3.4,7.6,,,,23.5,3.5,3.1,4.6,,,16.6,19.9,5.1,15.8,4,,,,,20.6,20.1,15.4,4.7,,,,21.6,4.8,,,,,,,21.8,3.8,5.4,,,,,,,,,21.9,18.7,3.9,,,,,,,17,3.9,5.9,,,,,,,,4.9,20,18,4.3,,,,,17.9,19.2,,,,,,,18,5.1,,,,,,4.5,,,,,,,,,,,,,,,,,,,,,,,,,
Forsythia,6.3,6,,6.1,6,5.7,5.6,5.9,6.6,5.4,5.5,7.1,6.3,6,6.8,6.1,6.5,,9.9,6.2,,8.1,8.3,11.8,11.2,,16.4,19.7,10,13,23.3,19.1,19.3,19.4,20.6,17.9,16.3,20.5,20.1,18.4,20.4,22.6,8.1,17.6,17.8,19.5,6.8,9.8,23.4,21.1,16.4,5.2,5.5,22.8,20.8,20.1,17.1,13.6,22.1,19.1,19.8,8.7,5.9,24.8,18.8,4.5,3.9,22.1,19.2,14.4,,21.2,21,4.6,6,,,23.2,17.4,5.2,,,,23.4,3.5,7.5,,,,24.2,3.7,3.3,4.8,,,19.9,22.5,5.8,17.5,4,,,,,21.8,21.2,17.4,4.8,,,,22.5,5,,,,,,,21.5,3.9,5.5,,,,,,,,,22,19.1,4.5,,,,,,,19.3,4.1,6.1,,,,,,,,5.4,18.8,17.2,5.5,,,,,19.6,18,,,,,,,17.3,5.4,,,,,,4.7,,,,,,,,,,,,,,,,,,,,,,,,,
Forsythia,6.6,5.3,,14.1,6.5,,,6.8,8.1,,,,,,,,6.9,,14,7,,17.5,,14.1,,,23.4,20.6,13.1,13.8,,,20.9,22.7,,18.5,,21,20.7,19,24.9,23.1,14.7,18.8,19.8,20,12.3,10.2,23.7,21.6,16.5,6.6,6.5,23.5,21.1,20.8,17.5,18,22.4,19.4,20.2,11.1,6.2,25.1,19.5,17.7,4.2,23.7,21.3,17.9,,22,21.5,4.7,6.6,,,24,18.6,5.3,,,,23.5,3.7,7.7,,,,24.3,14.4,3.4,5,,,20.8,22.9,14,18.4,4.1,,,,,22,22.1,18.4,5,,,,22.6,5.1,,,,,,,22.3,15.9,5.7,,,,,,,,,22.5,20,4.8,,,,,,,22.4,4,6.1,,,,,,,,15.8,18.2,16.1,5.7,,,,,20.1,17.6,,,,,,,17.2,5.6,,,,,,5.1,,,,,,,,,,,,,,,,,,,,,,,,,
Forsythia,7.3,5.8,,,,,,,,,,,,,,,,,,,,,,,,,,,13.3,14,,,,,,19.1,,21.7,20.7,19.4,25.3,23.8,16.8,19.1,22.2,18.2,15.8,11.4,24.4,21.8,17.8,10,18.1,24,21.3,20.9,18.5,19.2,22.9,19.7,20.5,12.5,5.3,25.1,19.9,19.7,7.8,24,21.5,20.7,,23.6,21.6,9.2,7,,,24.1,19.2,4.9,,,,24.3,17.1,6.3,,,,24.6,17.4,3.7,5.5,,,21.2,23.5,17.5,19.3,4.1,,,,,22.5,23.1,20.4,4.9,,,,23,5.3,,,,,,,22.5,16.8,5.8,,,,,,,,,22.6,20.3,4.9,,,,,,,22.7,4.1,6,,,,,,,,17,17.9,15.5,5.9,,,,,20.4,15.2,,,,,,,16.6,5.7,,,,,,5.2,,,,,,,,,,,,,,,,,,,,,,,,,
Forsythia,9.7,,,,,,,,,,,,,,,,,,,,,,,,,,,,,19.3,4.4,5.1,,,15.3,19.7,,23.1,21.1,19.8,18.9,16.6,20,19.5,20.3,18.9,17.8,11.7,19.4,22.2,18.6,15,,24.4,21.2,21.3,19.7,20.4,23,20,21,14.1,,25.4,20.4,21.1,9.6,24.2,21.7,4.5,,23.7,23.1,9.8,7.4,,,24.5,20.1,5,,,,24.6,18.6,6.4,,,,24.7,17.5,6.7,5.7,,,21.5,23.7,17.7,19.7,4.2,,,,,23.3,24.1,4.1,5.2,,,,23.5,5.2,,,,,,,22.9,17.7,6,,,,,,,,,23,20.5,5,,,,,,,22.9,22.7,6.4,,,,,,,,18.7,17.5,15.1,6.3,,,,,20.9,4.3,,,,,,,16.1,5.8,,,,,,6.1,,,,,,,,,,,,,,,,,,,,,,,,,
Forsythia,7.8,,,3.9,6.4,6.4,4.4,4.8,,5.6,4.5,5.1,5,5.2,5.4,5.8,5.2,5.4,6.1,5.3,4.6,4.3,5.5,5.8,3.2,4.7,6.3,6.2,,,17,5.3,6.3,17.4,15.9,20.1,,18.4,15.3,18.1,19.8,17.4,,19.8,20.9,19.5,18.2,13,22.6,18.3,,,,22,21.3,21.5,19.9,21,23.2,20.6,,,,25.4,20.3,,10.3,24.6,22.8,4.5,,23.9,24,10.1,13.5,,,24.7,20.8,16.6,,,,24.9,18.8,6.7,,,,24.8,17.7,8.4,,,,21.9,23.9,20,20.1,4.2,,,,,23.4,22.2,5.9,5.6,,,,23.6,5.4,,,,,,,23.3,19.4,,,,,,,,,,23.4,20.7,5.1,,,,,,,23.3,15.9,5.6,,,,,,,,19.7,16.3,14.8,,,,,,21,4.2,,,,,,,5.4,6,,,,,,6.3,,,,,,,,,,,,,,,,,,,,,,,,,
Forsythia,7.8,,,6.3,6.7,6.6,6.3,6.8,6.4,6.2,6.2,6,5.3,5.9,5.6,6.7,6,6.3,7.8,6.5,5.5,6.2,6.4,6.1,5.6,6.3,12.9,8.5,,5.8,18.7,,7.4,19.2,17.2,20.6,,18.8,17.7,18.7,20,18,,20.1,21.4,21.6,19.8,13.5,23.3,20.7,,,,22.8,21.8,22.4,,,23.6,21.7,,,,25.9,20.9,,20.3,24.7,22.9,,,24,,,17.3,,,25,21.6,,,,,25.3,19.3,22.2,,,,25,18,15.5,,,,22.4,24.2,21,20.5,4.3,,,,,23.6,22.5,6.3,5.8,,,,23.7,5.5,,,,,,,23.5,19.4,,,,,,,,,,23.7,21.2,8.2,,,,,,,23.6,16.9,,,,,,,,,22.2,4.5,12.9,,,,,,22.5,4,,,,,,,4.8,,,,,,,,,,,,,,,,,,,,,,,,,,,,,,,,
Forsythia,,,,,,,,,,,6.6,6.5,,6.5,6.1,10.8,6.4,,,,14.6,7.1,,,6.1,6.6,,,,6.5,20.1,,,,17.7,20.9,,19.9,20.2,19.1,20.4,18.1,,20.4,,,19.9,,,21.5,,,,23.6,22.1,,,,,,,,,,21.1,,22.1,25.5,,,,,,,26.5,,,25.5,22.5,,,,,,21.3,,,,,25.2,18.1,17.9,,,,22.7,25,21.7,20.7,4.4,,,,,24.5,23.2,13.4,19.2,,,,,14.6,,,,,,,23.9,19.7,,,,,,,,,,24.3,23.7,17.2,,,,,,,24,17.2,,,,,,,,,22.5,4.4,6.2,,,,,,22.7,4.1,,,,,,,,,,,,,,,,,,,,,,,,,,,,,,,,,,,,,,,
Forsythia,,,,,,,,,,,,,,,,,,,,,,,,,,,,,,,20.9,,,,19.4,,,20.8,20.3,20.4,24.5,23.1,,21.4,,,20.9,,,22.2,,,,24.1,22.3,,,,,,,,,,,,,,,,,,,,,,,,,,,,,,,,,,,,18.5,18.3,,,,,25.9,,21.6,4.5,,,,,24.8,24.1,16.8,22.2,,,,,18.3,,,,,,,21.7,19.5,,,,,,,,,,,,22.1,,,,,,,,17.4,,,,,,,,,22.8,4,3.8,,,,,,23.2,4.2,,,,,,,,,,,,,,,,,,,,,,,,,,,,,,,,,,,,,,,
Forsythia,,,,,,,,,,,,,,,,,,,,,,,,,,,,,,,,,,,19.8,,,21.2,21.2,,,23.5,,22.2,,,,,,23.3,,,,24.5,,,,,,,,,,,,,,,,,,,,,,,,,,,,,,,,,,,,,19.2,,,,,,,,23,18.7,,,,,,,18.4,22.6,,,,,21.4,,,,,,,,,,,,,,,,,,,,,,,,,,,,17.6,,,,,,,,,,3.5,3.4,,,,,,,4.3,,,,,,,,,,,,,,,,,,,,,,,,,,,,,,,,,,,,,,,
Metasequoia,8.4,8.5,,5.8,6.2,8.7,5.7,7.8,4.8,4.5,5.4,15.7,10,11.2,5.5,6.5,4.9,7.1,5.5,11.1,4.7,7.3,5.7,18.1,12.6,15.3,12.6,9,5.5,18.2,15.5,13.5,16.3,11.9,12.1,12.3,12.6,19.9,18.3,15.9,14.4,9.5,10.8,17.9,17.4,16.9,16.5,13,21.1,19.2,16.4,12.4,9.3,21.9,18.5,16.6,18.5,12.6,19.9,18.3,16,4.1,5.5,19.5,14.8,5.2,8.2,22.4,19.4,10.7,5.2,20.1,18.3,9.6,,4,3.8,21.7,16.9,,11.4,4.9,3.9,21.3,18.9,,12.7,5.7,3.4,21.7,19.8,,18.5,12.5,3.2,20,,,19.3,,,18.6,2.8,3.5,22.7,,,18.4,12.4,4.9,3.1,20.9,19.5,,,16.4,8.1,6.3,,22.6,,,18.7,15.7,6.2,9.1,4.5,,,,21.2,,18.4,,20,,7.2,8,,20.5,,19.2,,19.5,,9.6,7.2,13.3,,19.1,,16.4,,18.5,18.9,10.3,5.7,19.5,,18,,17.9,13.1,8.3,,19.1,,17.7,21.5,16.4,18.3,5.6,17.7,,,,,,19.4,,17.9,4.4,,7.9,,6.2,,,,,,,,,,,,
Metasequoia,10.3,9.3,,6.4,6.5,,,,4.9,5.1,5.8,,,13.1,,,8.7,,6,11.9,12.2,9.2,6.1,20.3,17.2,15.5,13.2,14,7.7,18.4,20.3,13.8,19.1,14.3,15.7,13.9,12.7,20.6,18.9,16.3,14.5,14.6,12.6,20.5,18.9,17.6,17.2,13.5,21.4,21,16.7,18,12.6,22.4,19.5,18,19.1,13.1,20.2,19.2,18.5,6,5.8,19.6,15.7,11.1,10.3,22.6,19.8,11.3,9.7,20.6,18.7,10,,7.8,4,22.5,17.3,,16.3,5.4,8.1,21.6,19.1,,17.2,11,5.6,23.4,20.5,,18.7,15.6,4.8,21.5,,,19.6,,,18.9,4.8,3.7,23.2,,,18.4,12.9,5.1,3.2,21.6,20.4,,,18,12.1,6.9,,22.8,,,18.8,16.8,8.4,9.4,8.1,,,,21.5,,19.2,,20.3,,7.3,4.3,,20.8,,19.4,,19.7,,13.2,7.7,12.1,,19.8,,18.2,,19,19.1,9.4,6.1,20.3,,18.5,,17.9,15.8,7.9,,19.8,,17.9,19.5,16.9,10.4,6.1,18.2,,,,,,19.6,,18.7,7,,8.6,,7.2,,,,,,,,,,,,
Metasequoia,8.1,14,,,12.5,,,,,,,,,,,,,,,,15.5,,,,18.3,18,14.2,14.6,13.1,21.3,21.2,16.7,20.5,19.8,17.3,14.3,13.2,21.1,19.3,18.3,16,16.4,12.6,20.8,21.1,18.6,17.3,13.9,21.5,21.4,17.3,19.1,13.2,23.9,20.3,18.5,20.6,14.4,20.3,19.5,19.3,7.1,8,20.4,17.8,13.7,17.6,22.7,20,11.9,,20.8,18.8,10.3,,9.8,,23.6,17.4,,16.7,5.9,9.1,21.7,19.5,,17.4,11.1,6.5,23.8,20.9,,18.8,15.9,5.3,21.8,,,20.5,,,19.4,5.4,3.9,23.6,,,18.8,15.8,5.7,3.3,21.8,20.9,,,18.2,13.2,7.2,,23.1,,,20.3,17.2,10.5,10.3,9.1,,,,21.6,,19.7,,20.6,,7.9,3.8,,21.6,,19.6,,19.9,,13.5,9.8,11,,19.6,,18.6,,19.3,19.2,8.9,6.5,20.8,,19,,18.1,17.9,7.8,,19.9,,18.1,19.1,17.5,9.5,6.4,18.4,,,,,,19.7,,18.9,8.3,,8.7,,7.3,,,,,,,,,,,,
Metasequoia,8.4,7.1,,,,,,,,,,,,,,,,,,,,,,,,,,,,,,,,,18.8,14.9,14.7,21.5,20.2,20.1,16.5,17.4,14.7,20.9,21.7,20.2,17.8,16.9,22.8,21.6,17.8,19.4,14.6,28.5,16.9,18.7,21.1,15.2,21,20,19.6,8.3,,21.5,19.3,14.8,18.4,23.2,20.3,12.5,,21.6,19.1,14,,13.1,,24,17.8,,17.4,7.4,9.6,22,19.7,,19.9,13.1,7.4,23.9,21,,19.1,16.3,5.8,22,,,22.1,,,19.5,5.7,4.4,23.8,,,19.1,16,6.8,3.4,22.5,21.5,,,18.7,14.4,7.9,,23.3,,,20.4,17.5,10.8,11,9.5,,,,22.1,,20,,21.5,,8.7,3.7,,22,,19.6,,20.8,,15.5,10.3,10.8,,19.8,,18.8,,20.1,19.3,7.6,6.9,20.9,,19.1,,18.3,18.1,7.5,,20.3,,18.5,18.8,17.8,8.4,6.6,18.5,,,,,,20.5,,19,10.5,,9,,7.6,,,,,,,,,,,,
Metasequoia,9.1,10.1,,,,,,,,4.4,6.8,8.1,7,,,,,,,,,,,,,,,,,,,,,,19.7,15.6,14.9,,21.6,14.5,11.6,5.3,11.9,21,17.1,14.9,17.8,17,20.3,17.3,17.9,,15.1,22.2,18.1,19.4,21.6,15.4,21.4,21.3,20.2,11.5,,21.9,19.5,15.3,20.1,23.5,21.4,13.4,,21.7,19.5,16.1,,14.1,,24.1,19.9,,18.1,8.9,18.8,22.8,20.1,,20.2,13.9,7.6,24.2,22.4,,19.8,16.6,6.2,22.2,,,22.3,,,19.6,5.9,5,24.1,,,19.4,16.4,7.1,3.5,23.2,22.1,,,19.4,14.8,8.3,,23.6,,,21.4,17.7,13,11.8,9.7,,,,22.3,,20.7,,21.9,,15.3,,,23.6,,20.1,,20.9,,15.7,11,7.7,,19.9,,19.8,,20.3,19.5,6.9,7.3,21,,19.3,,18.4,18.3,7.3,,20.7,,18.6,17.7,18.4,8.2,6.9,18.7,,,,,,18.1,,19.2,11.1,,9.1,,7.8,,,,,,,,,,,,
Metasequoia,9.5,,,10.2,4.2,7.1,6.8,9,,7.1,7.4,9.4,9,9.6,7.6,6.1,5.7,7,8.1,8.3,5.5,8.7,4.2,4.8,7.9,7.5,4.9,6.1,,7,9,7,12.4,14.5,11.7,16,7.9,16.8,16.5,17.4,13,8,12.1,21.3,18.5,16.2,19.3,18.1,20.8,17.8,20.8,,17.4,22.7,19.2,20.2,21.7,15.5,21.5,21.5,20.5,14.1,,22.6,21.1,18.5,22.2,24,21.9,15.6,,22.1,19.6,18,,17.6,,24.5,20.3,,19.1,11.4,,23.1,20.9,,,14,12.6,24.4,23,,20.2,16.8,6.6,22.8,,,22.5,,,19.7,6,5.3,24.3,,,20.9,17.5,7.4,4.2,24.1,22.7,,,19.6,15.1,9.5,,24,,,21.6,17.8,14.7,14.2,10.1,,,,22.9,,21.4,,22.8,,15.7,,,24.3,,20.4,,21.3,,16,12,4.7,,21.6,,20.1,,20.8,19.6,6.6,8.1,21.2,,20,,18.8,18.4,7,,21.3,,18.8,16.7,18.5,8.1,7.2,18.9,,,,,,19.7,,17.4,12.1,,9.4,,8,,,,,,,,,,,,
Metasequoia,7.4,,,12,8.1,9.5,9.4,9.9,6.6,8.1,9.4,14.6,9.4,10.1,11.2,6.7,6.1,7.5,9.1,12.2,5.9,9.6,12.4,5.9,8.6,8,5.8,6.4,,10.9,9.5,10.1,16.2,15.2,12.7,17,9.3,17.4,19.7,17.6,14.6,11.3,12.8,21.7,19.6,16.4,19.6,,21.3,18.4,21.3,,18.2,23.7,21.6,20.7,22,15.7,22.2,21.9,,14.3,,23.1,,20,,24.2,22.6,16.5,,22.4,,18.3,,18.5,,25.7,,,,15.8,,,22.6,,,15.5,15.7,24.6,,,,16.8,7.1,22.5,,,22.9,,,19.9,6.3,5.8,25.2,,,,17.9,7.5,5.1,,,,,20.6,15.3,15.9,,24.4,,,21.8,17.9,16.1,17.8,10.4,,,,23.2,,22,,23.1,,17.2,,,24.9,,20.6,,22,,16.8,12.9,4.4,,23.3,,20.8,,20.8,19.7,3.7,,24.3,,20.3,,19.6,18.7,,,22.7,,19.4,14.5,18.6,7.6,,19.1,,,,,,19.9,,17.5,14.3,,9.5,,8.2,,,,,,,,,,,,
Metasequoia,8.5,,,,9.6,13.8,12.8,13.2,8.1,12.4,,,,11,,9.1,11.5,12.9,11.2,12.6,6.6,13.6,13.6,6.9,12,11.4,8.8,8.5,,13.7,12.2,12.5,17.9,15.9,13.8,,11.8,18.7,19.8,17.9,16.7,13,13.5,21.8,,17.7,,,21.4,21.4,,,,,,21,22.1,18.1,,,,17.4,,23.2,,,,24.5,,17,,22.6,,,,18.8,,,,,,17.1,,,,,,,,,,,,,10.8,22.9,,,,,,20.7,6.6,,,,,,,8.8,8,,,,,,16.5,,,24.6,,,,18.2,,18.3,10.7,,,,24.1,,22.4,,,,17.5,,,25.3,,,,23.1,,17.6,16.4,4.3,,,,,,21.4,20.9,,,20.8,,20.4,,,19.3,,,,,,9.3,,,,,,,,,,,,18.2,14.6,,9.8,,8.5,,,,,,,,,,,,
Metasequoia,11,,,,14.1,,,,10.3,13.9,,,,,,,,,,,,,,,13.5,,10.8,14,,18.9,13.7,13.7,,,15.4,,12.2,19,20.7,,,,,,,,,,,,,,,,,,,,,,,,,,,,,,,,,,,,,,,,,,,,,,,,,,,,,,,,15.6,,,,,,,,,,,,,,,12.4,,,,,,,,,,,,,,,,,9,,,,,,,,,,,,,,,,,,,,,,,,,,,,,,,,,,,,,,,,,,,,,,,,,,,,,,18.5,17,,9.6,,7.9,,,,,,,,,,,,
Metasequoia,14,,,,,,,,,14.9,,,,,,,,,,,,,,,14.8,,,,,,,,,,,,,19.4,21.2,,,,,,,,,,,,,,,,,,,,,,,,,,,,,,,,,,,,,,,,,,,,,,,,,,,,,,,,,,,,,,,,,,,,,,,,,,,,,,,,,,,,,,,,,,,,,,,,,,,,,,,,,,,,,,,,,,,,,,,,,,,,,,,,,,,,,,,,,,,,,,18.7,19,,,,,,,,,,,,,,,,
Larix_kaempferi,10.1,11,7,5.7,5.8,4.9,9.3,10.2,12,12.9,5.3,5,16,16.1,20.6,5.8,12.9,6.5,5.6,17,19.1,13.3,14.4,18.8,14.2,13.7,12.2,21.5,18.5,24,21.4,20.2,21.5,21.2,11.5,17.1,17.7,4,17.8,23.3,20.7,21.9,23.3,22.4,22.9,17.5,17.5,21.2,22,23.3,23.4,22.4,22,25.7,23.7,24,20.2,19.1,23.7,18.6,22.2,23.8,17.1,24.7,23.3,7.8,,24.6,20.6,19.6,16.4,25.8,19.4,19.4,,18.6,6.2,24.2,19.4,,10.3,16.3,,20.4,17.5,,19,14.6,6.5,25.8,17.4,,16,12.8,8.4,23.6,,,14.4,,,14.7,11.5,8.4,23.1,,,14.9,13.3,8.9,12.6,19.2,15.4,,,15.9,12.8,11.2,,23.6,,,13.8,16.4,4.2,,,,,,25.2,,17.8,,15.3,16.6,,,,25.3,,18.5,,15.1,,13.6,6.2,,,21.7,,16.6,,19,16,15.1,8.5,18.8,,19.9,,14.4,14.5,,,19.2,16.3,16.9,,12.3,10.8,,15.2,,,,,,18.2,,11.3,,,,,,,,,,,,,,,,,
Larix_kaempferi,10.7,11.5,16.5,5.6,6.4,11.9,9.7,,13.4,17.2,6.6,14.2,16.8,16.9,20.8,16.1,14.5,16.9,,19,,16.8,15.7,20.1,15.4,15.2,17.2,22.6,19.3,24.3,21.9,21.6,21.7,22.5,20.8,17.5,20.6,20.5,18.3,23.5,20.8,22.9,25.2,23.2,23.1,18.4,21,21.3,23.5,24.1,23.5,23.2,22.5,26.5,23.7,24.6,20.8,22.5,24,21.1,22.6,24.1,17.4,25.1,23.4,11.9,,25.1,22.9,20.9,17.8,26.1,21.1,19.8,,18.9,7.1,24.5,19.7,,10.7,17.2,,22.4,18.5,,19.4,16,11.8,26.1,18,,16.7,14.2,9.4,24.9,,,16.4,,,15,13.9,10.7,25.6,,,16.6,14,13.4,13.3,19.8,15.9,,,16.6,13.7,11.9,,24,,,15.6,16.9,10.4,,,,,,25.5,,18,,16.8,17.2,,,,26.2,,18.8,,17.1,,15.2,9.7,,,23.6,,17.9,,20.1,16.4,16.4,11.5,20.2,,20.7,,15.4,16,,,21.1,18.5,17.4,,14,14.7,,15.7,,,,,,18.5,,12.6,,,,,,,,,,,,,,,,,
Larix_kaempferi,12.9,8.1,8.3,,,,11.7,,17.3,,12.5,17.5,,,22,18,17.1,19.1,,20.6,,17.6,19.2,21.2,20.9,19.5,23.5,23,20.4,24.7,25.7,23.6,24.1,24,22.7,17.8,21,22.3,23,23.8,22.2,22.5,25.4,23.5,23.3,22.4,21.9,21.7,24.2,24.4,23.6,23.5,22.7,26.7,23.8,24.4,21.5,22.9,24.6,22.5,23.3,24.4,21.3,26,23.9,15.5,,25.3,24.2,22.1,18.3,26.6,22.4,20.8,,19.6,9.5,26.4,20.8,,13.4,18.7,,24.3,18.7,,19.7,17.3,14.8,26.2,19,,17.4,15.1,13.8,25.3,,,17,,,16.3,14.8,13.4,26.6,,,16.9,14.8,16.7,13.9,25.4,16.1,,,17.8,15.3,15.8,,24.6,,,16.7,17.4,11.9,,,,,,26.1,,19.2,,18,17.8,,,,26.6,,19.9,,17.6,,16.4,10.3,,,24.3,,18.2,,20.9,17.4,17,12.2,21.5,,21.2,,15.5,16.5,,,21,19.4,19,,14.2,15,,16.3,,,,,,19.7,,15.8,,,,,,,,,,,,,,,,,
Larix_kaempferi,15.1,10.1,13.5,,,,,,,,,,,,,,,,,,,,,,23.6,23.9,,,20.5,,,,,,,20.8,17.8,22.6,,24.7,22.2,23.1,25.9,23.9,23.4,22.9,22.2,21.8,25.7,18.1,23.9,23.7,24.5,24.7,23.8,24.5,22.1,23.4,24.6,23.2,23.5,24.6,21.9,26.3,24.1,16.8,,25.5,24.9,23.2,19,26.9,22.9,21.2,,20.4,10.4,27.7,21.7,,17.3,19.3,,25.4,19.2,,20.3,17.6,17.1,26.5,19.3,,17.8,16,15,25.3,,,18.3,,,18,16.4,14.1,26.8,,,17.5,15.1,17.1,14.3,25.5,16.9,,,18.4,16.1,16.1,,25,,,17.4,18.2,12.3,,,,,,27.3,,19.5,,19,18.3,,,,26.5,,20.8,,17.8,,18,10.9,,,25.2,,19.2,,21.3,18,17.4,13.6,21.9,,21.5,,16,17.4,,,22.5,20,19.5,,16.3,15.6,,17.1,,,,,,17.4,,16.8,,,,,,,,,,,,,,,,,
Larix_kaempferi,,,6.2,,,,,,,,,,,,,,,,,,,,,,,,,,21,,,,,,,21.1,18.1,,,19.2,23.2,,21.8,,17.8,23.2,22.3,23.5,25.5,22.9,24.3,24,,26.6,24,25,22.9,23.9,24.8,23.3,27.6,,23.1,26.9,24.4,17.9,,26.5,,23.6,19.4,,23.2,21.4,,22.4,15.2,27.9,23.2,,17.6,20.1,,26,19.8,,22.6,18.3,19.4,27.2,19.8,,18.3,17,16.3,25.5,,,19.4,,,18.1,18,15.4,27,,,17.9,16,17.5,15,25.7,17.7,,,18.7,16.5,17,,25.7,,,17.8,19,15,,,,,,27.5,,20.1,,20.3,19.1,,,,27.7,,21.4,,18.7,,19.1,12.8,,,25.5,,20.4,,22.1,18.5,17.7,15.1,22.5,,21.9,,16.2,18.1,,,23.3,20.8,19.6,,16.7,16,,19.7,,,,,,18.3,,19.1,,,,,,,,,,,,,,,,,
Larix_kaempferi,,,10,7.8,9,11.9,8.9,,7.4,8,13.4,8.1,6.6,,,,,6.1,,,,,,,,,,,21.8,13.8,7.3,7.2,8.5,20.1,18.6,23.7,19.9,22.3,20.7,23.1,23.4,,22.3,,22.6,23.3,23.1,23.7,25.8,23.6,,,,27.1,,,23,24.2,25.2,23.6,28.3,,23.6,,24.6,18.5,,27.5,,,19.7,,23.9,22.6,,22.7,16.5,,25.7,,19.2,21,,27.1,22.3,,23,18.9,20.4,,20.2,,19.1,17.8,16.7,25.9,,,20.2,,,20.8,18.4,16.3,27.4,,,18.2,17.1,17.9,16.3,26,18.3,,,19.1,16.8,17.8,,25.9,,,18.7,19.5,15.3,,,,,,,,20.9,,20.9,20,,,,,,22.4,,18.9,,20.1,13.6,,,25.7,,21.1,,23,18.8,18.6,15.5,23.9,,22.2,,16.5,18.9,,,24.2,21.8,20.4,,17.3,17.1,,20.7,,,,,,19.9,,19.4,,,,,,,,,,,,,,,,,
Larix_kaempferi,,,5.8,9.4,10.9,13.5,13.4,8.8,13,8.5,14,10.4,7.5,1,8.7,7.7,6.8,6.9,8.4,6.4,6.8,12.4,10.6,13.5,10.4,10.6,14.2,8,,23.7,8.6,9.8,9.5,20.4,19.1,,,23.9,22,23.3,23.7,,22.3,,22.8,24.1,23.4,24.4,26,,,,,,,,23.7,,,,,,25,,,19,,,,,20.2,,23.5,,,22.9,17.2,,,,19.7,22.1,,33.8,,,24.5,20.3,21.3,,20.8,,19.5,18.6,17.1,,,,20.7,,,21.4,19.3,16.1,,,,19,18.7,18.4,16.9,26.1,19.6,,,19.4,17.9,18.6,,,,,19.2,20.5,16.6,,,,,,,,23.3,,21.6,20.4,,,,,,23.4,,19.7,,21.2,14.4,,,26.1,,21.7,,23.4,19.3,19.6,16,24.5,,22.6,,17.9,19.3,,,24.3,22.2,21.7,,17.6,17.8,,20.9,,,,,,17.7,,15.2,,,,,,,,,,,,,,,,,
Larix_kaempferi,,,,,11.7,,13.7,10.1,,13.3,,14.2,8.3,12.1,9.1,7.9,8.2,10.7,10.7,10,12.2,14.3,11.6,14.6,11.7,12.6,14.6,10.8,,24.6,13.1,14.6,,21,19.6,,,,23.3,24,23.8,,22.5,,,,,,,,,,,,,,,,,,,,,,,20.1,,,,,21.3,,,,,23.1,18.2,,,,20.5,22.7,,,,,,21.1,22.4,,22.1,,20,19.9,17.5,,,,22.4,,,23.5,19.6,18,,,,19.4,19.8,19.6,17.5,26.3,,,,21.1,18.4,19,,,,,22,21,16.8,,,,,,,,23.7,,,21.2,,,,,,24.3,,21.2,,21.9,14.9,,,26.2,,20.2,,24,19.7,20.6,17.1,25.1,,22.9,,19.2,19.9,,,,,22.4,,17.8,18.4,,21.6,,,,,,19.8,,16.9,,,,,,,,,,,,,,,,,
Larix_kaempferi,,,,,,,,13.6,,,,,,15.6,10.6,10.6,11.7,18.7,13.8,,15,,12.6,,12.6,13.1,,11.3,,,24.3,22.5,,,,,,,,,,,,,,,,,,,,,,,,,,,,,,,,,,21.5,,,,,,,,,,,19.4,,,,,,,,,,,21.6,23.1,,,,20.7,,19,,,,23.5,,,,20.9,,,,,20.1,20.3,21.1,18,,,,,22.2,20.1,,,,,,22.3,22,17.5,,,,,,,,,,,22.1,,,,,,,,22,,,,,,,,,,,20.8,,18.5,,,,,19.9,20.4,,,,,,,19.2,,,22,,,,,,20.9,,18,,,,,,,,,,,,,,,,,
Larix_kaempferi,,,,,,,,,,,,,,,,,,,14.2,,,,13.6,,13.9,15.7,,,,,,,,,,,,,,,,,,,,,,,,,,,,,,,,,,,,,,,,22.6,,,,,,,,,,,21.1,,,,,,,,,,,,,,,,21.7,,,,,,,,,,23,,,,,,20.9,,,,,,,22.9,21.2,,,,,,,23,18.4,,,,,,,,,,,22.8,,,,,,,,22.3,,,,,,,,,,,21.5,,,,,,,,,,,,,,,20.6,,,,,,,,,,,20.1,,,,,,,,,,,,,,,,,
Abies_balsamea,15,6.7,5.6,15.8,16.1,15.5,20.7,14.5,15.5,19,19.1,18.1,19.9,17.1,15.6,15,17.8,18.6,17.5,19.2,20.8,20.5,17.2,16.7,18.1,18.5,19.3,21.1,21.1,17.5,19.7,17.6,20.2,21.4,18.2,21.8,,19.9,15.6,20.1,18.2,20.2,21.6,22.2,19.5,18.1,20.8,19,23.4,24.6,23.4,22.9,21.8,25.5,24.8,25,19.6,23.6,23.3,23.5,23.8,17.5,21.4,25.1,25.1,19.1,25.1,27.5,25.6,18.5,13.6,25.3,23.8,20.2,,13.6,14.5,28.6,24.3,,20,13.1,8.3,25.5,24.9,,25.4,17.6,18.5,26.4,22.8,,18.8,16.6,12.3,26.3,,,25.7,,,17.1,17.5,11.2,28.6,,,25,14.1,15.2,10,25.2,24.7,,,19.2,16.1,15.5,,25.6,,,19.2,17.9,15.9,,4.6,,,,26.5,,,,20.3,,16.5,,,26.5,,22,,19.7,,9.7,14.2,,,26.7,,20.8,,17.2,18.7,12.6,,27,,17.7,,18.5,,12.8,,25.4,,21.5,,16.9,14.9,,18.9,19.8,17.3,17.7,15.2,,,17.7,17.5,14.9,,14.9,,8.3,,11.6,,8.8,,9.8,3.7,,,,,
Abies_balsamea,15.7,9.9,5.9,16.2,16.8,19.4,22,15.5,16.1,19.3,20.1,18.3,20.2,18.1,16.2,17.7,18.4,19,17.7,19.5,20.9,21.5,18,17.4,19.2,19.1,20.4,23.4,21.6,17.8,20.8,19.4,20.5,22.3,20.2,22.2,,20.8,16,23,19.5,21.6,23.4,22.6,20.4,19.4,21.6,20.8,23.7,25.6,24.5,23.7,22.2,26,25.2,25.8,21,23.9,23.8,24.2,23.9,18.4,21.8,25.4,25.4,19.5,25.5,28.4,25.8,19.3,16.9,25.5,24.4,20.5,,14.7,14.8,29,24.4,,20.8,13.9,10.6,25.7,25.3,,25.5,19.7,19.4,27,23.6,,19.4,17,13.2,26.5,,,25.9,,,17.3,18.5,14.3,29.6,,,25.3,15.9,16.7,11.2,25.9,25.3,,,19.7,16.6,16.7,,26.4,,,20.3,18.5,17.6,,11.1,,,,27.4,,,,20.9,,17,,,27.2,,22.7,,20.1,,14.4,15.1,,,26.8,,21.2,,17.5,20.2,12.8,,27.9,,18.4,,19.7,,15.6,,26,,22.2,,18.3,15.1,,21.9,21.5,23.3,18.2,16.2,,,18.7,17.8,15.9,,15.4,,12.2,,13.6,,9.9,,10.2,4.1,,,,,
Abies_balsamea,16.4,10.1,15.6,18.1,17.7,20.4,,16.1,16.8,20,21.2,18.5,20.6,18.8,17.8,18.5,18.6,21.6,17.9,20.3,21.1,22.1,18.8,18.5,20.5,21.1,21.7,24.1,22.3,18.4,21.2,19.7,21,23.2,21.2,24.4,,21,16.7,23.2,20,22.1,23.9,23.1,21.4,20.5,21.7,20.9,23.8,25.9,24.9,24.1,22.4,26.6,25.4,25.7,22.3,24.2,24.4,24.8,24.4,20,23.4,25.9,26.1,20.1,25.6,29,26.2,19.5,17.6,26.3,25,21.4,,16.9,16.5,29.5,24.8,,21.1,14.7,12.8,25.9,25.4,,25.9,19.9,20,27.4,23.9,,19.8,17.4,13.5,27.6,,,26,,,19.1,19.3,15,30.4,,,25.5,16,17.5,11.5,26.1,25.3,,,20.1,16.9,17,,26.9,,,22.2,18.9,17.7,,14.7,,,,27.6,,,,21,,17.6,,,28.1,,23.2,,20.2,,17.7,15.5,,,27,,22.9,,19,20.4,16.3,,28.3,,19.1,,19.7,,16.3,,26.3,,22.9,,18.3,15.9,,22,22.3,17.6,19.2,16.5,,,19.2,18.5,16,,15.7,,12.5,,14.1,,11.2,,10.3,5.4,,,,,
Abies_balsamea,16.8,,17.3,18.5,18.1,20.7,,17.4,,21.5,21.7,19.6,21.6,20,18.7,18.8,19.3,23.1,18.2,21,21.9,,,19.1,21.7,,22.9,24.5,22.8,19,23,24.3,22,23.9,21.2,25.3,,21.7,17.7,24.1,20.9,25.4,25.5,23.7,22.2,23.5,22.4,22.2,24.1,26.4,25,24.1,23.6,27,25.7,26.1,24,25.7,24.9,25.6,24.8,20.3,23.7,26.7,26.4,20.8,26,29.8,26.5,21.3,17.8,26.6,25.2,22.2,,17.4,18.1,29.9,25.2,,21.5,15.1,16.5,27.3,26.1,,26,20.3,20.9,27.5,26.3,,20.3,18.3,14.4,28,,,26.2,,,20.1,20.1,15.1,30.5,,,25.8,18.7,18,12.4,26.6,25.7,,,20.7,17.4,17.4,,27.1,,,22.4,19.1,17.9,,15.9,,,,27.9,,,,21.5,,17.7,,,28.5,,23.3,,20.5,,17.8,15.6,,,27.5,,23.8,,19.1,21.2,16.4,,28.6,,20.2,,20.2,,16.4,,26.5,,23.1,,19.7,16.6,,23.1,22.4,18.2,19.8,16.6,,,20.2,19.2,16.4,,16,,12.7,,14.5,,11.5,,10.6,10.7,,,,,
Abies_balsamea,17.4,,19.9,,,,,,,21.9,,,24.2,,,21.7,,,19.8,,22.6,8.1,7.1,,,9.6,23.5,26.8,23.1,20.2,24.3,,22.7,24.7,23.1,25.6,,22.5,18.1,21.6,21.3,28.1,20.7,23.4,23.6,21.2,23.1,22.9,22.2,23.8,25.1,24.6,24,26.2,25.8,26.9,24.2,27.3,25.2,26.2,24.9,20.6,24.3,27.1,28.5,22.8,26.4,30,26.7,24.4,18.6,26.8,25.6,22.3,,17.8,18.7,30.3,25.4,,22,15.3,16.7,27.5,26.4,,26.7,20.8,21.2,27.9,26.5,,20.6,19.2,14.9,28.4,,,26.4,,,20.4,20.8,15.8,30.9,,,26.6,19,18.2,12.6,27.8,26,,,22.4,17.7,17.9,,27.5,,,22.8,19.5,18.1,,16,,,,28.1,,,,22,,18,,,29,,23.5,,20.6,,18.2,16,,,27.9,,24.3,,19.4,21.8,16.7,,29.4,,24.1,,20.4,,17.2,,26.6,,23.5,,19.8,17.6,,23.4,23.1,18.8,20.4,16.7,,,20.1,19.5,16.7,,16.5,,13.4,,15.1,,11.8,,11.8,11.1,,,,,
Abies_balsamea,12.9,,21,13.5,9,7.4,10.1,12.1,,7.3,9.5,9.5,9.4,10.4,6.4,7.3,10.6,9.1,16.3,8.4,9.5,17.6,8.9,8.4,9.5,16.3,15.9,20.6,24.8,14.5,10.2,17.7,20.8,20.2,21.3,,,20.2,17.4,22.8,20.2,19.4,21.7,23.5,21.7,22.6,23.2,23.1,23.2,24.2,26.6,24.7,23.6,26.5,25.2,27.1,24.5,27.9,25.3,26.6,25.2,21.1,24.7,27.9,29,22.6,27,30.1,26.9,24.6,18.7,27.8,26,22.8,,18.5,19.8,31.2,25.8,,22.3,15.5,20.7,27.8,26.6,,26.7,21,21.3,28,26.9,,21.5,20.5,15.3,28.6,,,26.6,,,22.4,22.5,16.5,31.1,,,26.9,19.4,18.4,13.2,28.3,26.1,,,22.6,18.1,18.7,,27.9,,,23.1,19.8,18.3,,16.6,,,,28.7,,,,22.3,,18.1,,,29.6,,25,,20.8,,18.8,16.3,,,28,,26.1,,19.7,22.3,17.3,,29.5,,24.8,,20.7,,17.5,,26.8,,24,,19.9,17.7,,23.6,23.9,19.9,20.6,17.3,,,20.5,17.8,17.1,,16.7,,14.3,,15.3,,13.3,,2.6,1.5,,,,,
Abies_balsamea,14.5,,19.8,14,9.9,10.3,10.5,13.7,9.9,9.3,10.1,10.3,10.8,10.6,10.1,7.9,,10,16.9,9,10.4,19.7,10.6,9.5,9.9,18.7,17.2,21.2,25,15.3,10.9,19.5,21.8,21.3,21.1,,,20.4,18.8,23.3,21.1,21.1,22.4,23.8,22.3,23.2,23.5,23.5,24.1,25.6,27,24.9,24.5,27.3,25.8,27.4,24.6,28.6,25.9,27,25.3,23.7,25.3,28.2,29.4,23,27.4,30.6,27.9,25.1,18.9,27.9,26.6,23.1,,19.7,20.5,31.5,26,,22.6,16.4,22,,,,27.1,21.7,22.4,28.9,27,,22.2,21.4,16.1,29.1,,,27,,,23.2,23,16.8,31.4,,,27.1,19.9,19.1,14,28.6,26.2,,,23.1,17.6,19.5,,28.3,,,23.7,20.5,18.5,,16.6,,,,29,,,,22.6,,19.1,,,30.3,,25.2,,21,,19.1,16.6,,,28.1,,26.3,,20.1,22.6,16.9,,30.4,,25.2,,21.2,,17.7,,27.4,,24.3,,20.6,18,,23.7,24,20,21,17.6,,,20.6,17.5,17.3,,17.1,,14.8,,16,,14.5,,8.7,1.7,,,,,
Abies_balsamea,17,,,15.3,10.5,16.6,,13.9,10.5,10.5,10.6,12.8,18,14.4,15.6,9.8,,10.3,17.2,18.5,11.8,20.2,19.7,14.1,18,19.4,18.4,22.1,25.9,16.4,19.4,20.1,22.3,22.5,19.7,,,21.2,19.6,23.7,23.2,22,23.6,24,22.7,23.4,,,24.3,26.3,27.1,,24.9,27.5,26.5,27.6,24.9,29.2,26.5,27.9,25.7,24.6,,28.6,29.7,23.5,27.8,,,25,19.4,28.2,,23.7,,20.8,21.6,,26.8,,23.2,16.9,,,,,27.4,22.1,22.5,,27.4,,22.4,22.6,17.3,29.5,,,27.4,,,23.3,23.8,17.2,,,,27.8,20.2,18.9,14.3,28.9,26.5,,,23.6,16.8,19.3,,28.5,,,24.3,21.4,,,18.2,,,,,,,,22.8,,19.2,,,,,26.2,,22.7,,19.1,16.8,,,,,26.6,,20.5,22.8,,,28.4,,26,,21.4,,18,,,,,,21.3,18.3,,24.6,24.6,20.2,21.5,17.7,,,,17.3,17.5,,17.5,,15.7,,16.7,,15,,9.1,2.7,,,,,
Abies_balsamea,17.3,,,,15.3,,,14.9,,20.1,14,18.9,18.9,15.4,16.6,18.4,,21,17.5,19.3,17.3,,19.9,17.4,21.5,19.9,21,,,18.1,20.3,21.3,23.2,23.2,19,,,22.3,20.5,24.4,23.8,27,26.1,,23.2,27.2,,,24.6,26.6,27.3,,25.1,,26.7,28,25.1,29.6,,28.3,26,25.6,,,30.4,23.7,,,,25.4,20.9,28.3,,24.3,,20.9,22.2,,,,23.4,17.2,,,,,,22.8,23.2,,28.1,,23.2,21.9,18.7,30.2,,,,,,24,24,19,,,,,21.3,20.4,15,29.6,26.6,,,23.9,19.3,15.7,,29.3,,,,18.4,,,18.5,,,,,,,,23.1,,20.5,,,,,26.5,,23.2,,19.3,17.2,,,,,,,20.7,20.6,,,26.9,,24.4,,21.6,,18.2,,,,,,21.5,19,,25.3,,20.5,,17.9,,,,15.7,17.7,,18,,16.1,,16.9,,15.1,,10.1,4.9,,,,,
Abies_balsamea,17.9,,,,,,,,,20.4,,21.1,20.2,17,17.6,,,,,20,21.9,,,,22.7,,21.8,,,,,,23.4,23.6,18.7,,,,,,24.2,28.5,,,25.5,,,,,,27.5,,25.8,,27,,,29.9,,,,25.8,,,,23.8,,,,,21.4,,,24.5,,22.2,,,,,23.9,,,,,,,23.3,23.6,,,,23.9,18.6,20.2,,,,,,,23.9,24.7,19.4,,,,,,20.1,13,,,,,24.3,19.7,21.8,,,,,,19.3,,,19.2,,,,,,,,22.7,,,,,,,27,,,,20.8,15.9,,,,,,,21.1,21.2,,,,,19.2,,,,19.6,,,,,,,20.1,,,,21.1,,17.2,,,,14.1,16.8,,16.6,,16.3,,15.2,,16,,10.2,5.2,,,,,
Picea_abies,15.3,9.5,18.2,10.8,19,16.9,17,16.7,14.8,14.6,16.4,15.8,10.3,16.9,9.2,17.2,19.1,18.3,15,17,17,17.1,19,17.4,16.2,18.1,17.9,19.3,19.1,17.1,18,19.7,19.6,18.6,18.5,20.5,20.7,17.7,17.3,19.7,19.8,21.3,15.1,18.1,19,19.8,22.1,19.6,20.2,20.4,22.3,18.8,12.9,23.5,17.6,9.1,12.9,14.6,21.5,17.8,14,5.8,13.6,21.1,19.7,19.2,16.8,25.9,16.6,4.7,4.3,21.2,12.8,4.6,,10.2,10.4,24.4,19.7,,14,12.8,5.6,22.1,15.8,,11.4,14,4.8,24.1,12.1,,16,15.1,6,24.5,,,18.5,,,15.7,14.2,4.8,24.7,,,11.2,8.7,6.9,13.9,24.1,17.2,,,15.4,4.9,13.8,,25.2,,,16.9,16.2,14.7,,14.9,,,,24.9,,18.6,,17.6,,12.5,,,25.6,,19.1,,21.5,,9.1,14.6,,,23.5,,19.6,,17.8,14.2,11,,21.6,,19.3,,13.1,,,,22.2,,16.8,,18.8,13.7,,22.8,19.9,18.3,14.5,12.8,,,,18.5,13.4,,17.7,,16.2,,17.3,,11.2,,12.6,,6.3,,3.7,,
Picea_abies,16.7,10.4,18.5,16.4,20,19.5,20.6,17.3,15.2,14.7,17.6,17.4,16.6,18.1,17.8,18.1,19.6,19,16.4,18.7,18.1,19.3,22.4,17.5,18.4,18.3,20.8,19.9,21.9,18.6,18.9,21,20.1,20.3,21.5,21.1,21.9,20,18.8,20.3,21.7,21.5,19.2,19.9,19.8,20.5,22.6,20.1,21.8,20.6,23.1,20.7,21.4,24,17.8,15.5,13.5,20.6,21.9,19.3,18.5,14.8,14.2,24.5,21.4,20.6,17.5,26.3,17,14.3,8.1,23.8,17.2,15.2,,14.1,12.6,25.6,20.1,,14.3,14.1,6.9,23.2,19.4,,16.7,14.4,7.7,24.5,17.6,,16.5,15.3,6.5,24.9,,,19.1,,,15.9,14.4,11.3,25.9,,,16,9.1,14.2,14.4,25.2,18,,,16,5.7,14.1,,25.4,,,17.1,17.1,15.1,,15.3,,,,25.5,,19.3,,17.9,,13.4,,,26.3,,20.9,,21.8,,19.1,14.9,,,24.2,,20.1,,19,15.9,11.5,,24.2,,19.4,,13.4,,,,23.5,,17.1,,19.2,14.2,,23.6,20.7,18.9,17,16.4,,,,18.7,18.8,,17.8,,16.3,,17.7,,13.5,,12.9,,12.2,,3.9,,
Picea_abies,17,10.1,20,19.6,21.6,20.1,22.1,17.9,16.2,,17.7,18.2,17.4,18.3,18.7,18.5,19.8,19.1,18.2,20.3,19.8,19.8,22.9,17.8,20.3,21.1,21.4,21.9,22,19,19.5,,21.4,20.7,,21.5,24.5,20.4,19.2,21.1,22.7,21.5,21.1,20.2,19.9,21.3,22.8,20.5,22.3,22,25.7,21.1,21.6,25.8,18.6,20.2,20.9,22.2,22.8,21.5,18.8,20.8,14.8,24.7,22.2,20.9,19,27.1,17.4,14.5,12.2,24.2,17.6,15.6,,14.7,12.9,26.4,20.6,,14.4,14.4,8.4,24.5,21.3,,17.7,14.5,15.4,25.3,19.9,,17.4,15.5,7.3,25,,,19.7,,,16.6,14.7,12.9,26.4,,,16.4,15.4,14.6,14.8,25.9,18.8,,,16.8,6,14.3,,26.1,,,18.1,17.3,16.2,,15.5,,,,25.8,,20.8,,18,,15,,,26.1,,20.9,,22.6,,19.8,16.2,,,24.7,,21.8,,19.7,15.9,11.8,,26,,20.1,,14.2,,,,23.9,,17.4,,19.3,15.5,,23.7,21.3,19.3,17.1,16.5,,,,,19,,18.5,,16.5,,18.5,,15,,13.6,,12.7,,6.4,,
Picea_abies,17.3,12.6,21,,,,,,,,,18.8,18.5,,,18.9,,21.4,18.9,,,,,18.8,20.9,,,,22.2,,22.2,,,,,21.7,20.8,,,,,22.9,20.8,20.4,20.9,21.4,23.4,21.8,23.9,21.8,26,22,22,26.6,18.4,21.4,21.3,22.9,22.8,21.9,19.6,22.8,15.6,24.8,23.1,21.9,20.1,28.1,17.5,14.9,12.7,24.7,20.1,16.2,,17.4,14.9,26.6,21.2,,15.6,14.8,13.2,24.7,21.7,,18,14.8,15.8,25.4,20.7,,22.2,15.7,7.7,25.2,,,19.8,,,16.9,15,14.2,26.6,,,19.5,16.4,15,15.1,26,19.1,,,17.3,15.4,14.5,,26.2,,,18.7,17.6,18.5,,18.9,,,,25.9,,21.1,,18.1,,16,,,26.5,,22.6,,22.7,,20.1,18,,,24.8,,22.1,,20,16.2,12.6,,26.2,,20.3,,14.8,,,,24.5,,17.8,,19.6,16.8,,24.2,21.4,19.8,17.2,12.8,,,,,19,,18.7,,16.8,,18.7,,15.4,,14,,13.3,,10.5,,
Picea_abies,17.9,,20.3,,,,,,,,,,,,,,,,,,,,,19.1,,,,,,,,,,,,22.2,21,,,,,23,22,20.7,21.5,24.7,24,22.1,24,22.8,,22.3,,,18.5,21.6,,23.4,22.8,23.1,20,,17,,23.2,22.3,22.3,28.3,22.1,,12.9,25.2,25.2,16.6,,18.9,15.1,26.7,22.2,,18.3,15,13.4,,22,,18.3,15.2,16.4,,20.9,,22.8,15.9,8.3,25.4,,,22,,,17.3,15.4,,27,,,19.9,17.5,15.2,15.8,26.4,19.9,,,17.8,16.4,14.8,,26.6,,,19,18.3,18.6,,19.1,,,,26,,24.1,,18.6,,16.2,,,26.7,,22.7,,23.1,,20.4,18.4,,,25,,22.2,,20.7,16.2,13.4,,26.3,,20.5,,16.6,,,,24.8,,17.9,,20,17.3,,24.3,22.5,20.3,17.7,18.2,,,,,19.5,,19.3,,16.6,,19,,15.7,,14.3,,13.7,,10.8,,
Picea_abies,12.5,,,,,,,,,,,10.3,11.9,,,11.8,10.8,11.5,,,,10.5,12.4,10.6,10.1,20.7,12.3,21.8,,12.8,13,17.4,19.6,13.7,22.4,24.4,23.7,21.9,20.2,23.3,23.8,23.3,23.4,20.9,25,,24.4,22.3,25.4,23.9,,22.8,,,24,22.8,,24.2,23.8,23.6,20.3,,18.3,,,23.1,22.5,28.3,23.3,,13.2,25.3,,,,20.8,19.5,,24,,,15.6,14.3,,,,22,16.6,17.7,,21.7,,23.5,16.2,12.9,26.3,,,,,,17.4,15.8,,27.3,,,20.4,17.9,15.5,16.1,26.7,20.3,,,17.8,16.8,15.2,,26.9,,,19.2,18.6,18.9,,19.3,,,,26.1,,24.2,,19.5,,16.7,,,26.8,,24,,,,21,20.6,,,25.3,,22.7,,21.7,17.4,13.9,,26.8,,20.8,,18.6,,,,25,,18.6,,20.6,17.5,,24.6,23.8,20.5,18,18.4,,,,,20,,19.3,,17.2,,17.2,,13.8,,12.6,,10.5,,3.1,,
Picea_abies,16.9,,,11.9,11.6,9.3,11.9,9.4,9.3,8,9.2,20.9,12.9,12.1,10.4,12,11.6,12.5,12.1,12.7,6.2,12.9,13.2,11.6,18.2,21.5,21.2,23,,18.4,20.7,18.3,21,22,22.9,,,22.7,20.5,23.4,24,,,,,,,,,24.5,,,,,,,,,,24.2,,,21,,,,,,,,,,,,,,,,,,,16.4,,,,,,,18.8,,21.9,,,,13.7,,,,,,,17.8,18.6,,,,,21.2,19.5,16.5,16.4,26.9,21.4,,,,17.3,15.9,,,,,20.1,18.7,,,,,,,26.5,,,,20.6,,17,,,27.6,,24.5,,,,21.1,,,,25.4,,24.7,,,18.5,14.3,,27.6,,21,,19.6,,,,26,,18.8,,21.6,17.6,,24.5,24.2,20.7,18.5,,,,,,20.7,,19.4,,17.5,,17.5,,15.9,,13,,11,,6.3,,
Picea_abies,17.8,,,,12.2,10.4,12.6,11.2,13.1,11.7,12.4,21.5,13,12.7,11.1,20.8,22.2,14.1,12.4,13.1,12.7,18.5,17.5,12.4,19.3,22.5,21.7,23.9,,20,22.1,,21.8,23.7,25,,,22.8,25.7,,24.9,,,,,,,,,,,,,,,,,,,,,,,,,,,,,,,,,,,,,,,,,,,,,,,,,,,,,,,,,,,,,18,,,,,,22,20.2,16.8,17,,21.6,,,,17.8,17.5,,,,,21.6,19,,,,,,,25.9,,,,22.4,,,,,,,,,,,,,,,25.7,,,,,,,,,,21.2,,,,,,26,,,,21.9,,,24.1,25.4,21,18.9,,,,,,19.1,,19.5,,17.9,,18,,16.3,,13.8,,11.7,,7.1,,
Picea_abies,19.2,,,,13.6,12.2,,12.4,18.4,12.3,,21.7,,20.2,17.7,22.6,23,25.3,12.9,13.9,21.2,21.7,21,19.6,20.1,,,,,,,,,,,,,,,,,,,,,,,,,,,,,,,,,,,,,,,,,,,,,,,,,,,,,,,,,,,,,,,,,,,,,,,,,,,,,,,,,,,,20.6,,,,23,,,,,,,,,,,19.2,,,,,,,,,,,23,,,,,,,,,,,,,,,,,,,,,,,,,,,,,,,26.4,,,,19.8,,,,27,,18.9,,,,,,,,19.9,,,,18.1,,16.8,,14.2,,12.2,,,,
Picea_abies,,,,,,,,20.7,,,,,,,21.7,,,,,20.1,,22.4,,20.4,,,,,,,,,,,,,,,,,,,,,,,,,,,,,,,,,,,,,,,,,,,,,,,,,,,,,,,,,,,,,,,,,,,,,,,,,,,,,,,,,,,,,,,,,,,,,,,,,,,,,,,,,,,,,,,,,,,,,,,,,,,,,,,,,,,,,,,,,,,,,,,,,,,,,,,,21.5,,,,,,,,20.1,,,,18.5,,17.1,,14.8,,12.4,,,,
Kalmia,6,3.9,,5.7,7.4,5.9,4.8,5.9,6.2,5.4,5.7,5.5,5.9,6.7,5,4.6,5.3,5.6,6,6.2,3.9,6.1,6.1,5.1,5.5,4.6,5.1,4.3,16.4,6.3,4.4,,4.6,4.4,4.2,11.1,16.7,,4.4,11.4,16.6,13.3,5.2,3.8,19,18,16.1,15,22.3,20,19.7,18.9,18.1,23.8,21,18.4,14.2,13.9,18.9,21.7,15.7,12.9,7.7,19.5,15.7,8,10.2,20.6,17.1,12.6,6.8,20.3,13,,,11.7,13.3,19.4,18.5,,16.7,15.9,8.9,21.4,21.8,,14.4,9.6,13.7,20.3,14.7,,12.7,13.7,4.5,21.2,,,12.3,,,13.9,13.8,8.7,13.6,,,15.4,12.2,12,14.5,14.2,12.5,,,11.5,9.4,7.3,,12.4,,,19.4,17.3,11.2,,15.3,,,,18,,13.6,,14,,12.9,,,19.7,,11.6,,18,,14.6,11,7.5,6.4,18.7,,15.1,,,13.2,9.4,7.3,12.7,,13.8,,13.7,,,,19.1,,11.1,,15.5,10.2,,13.7,11,14.7,,9.5,,,13.2,9.4,10.4,,10.2,,4.7,,12.1,,6,,8.3,,4.2,,3.4,2.4,
Kalmia,5.7,5.6,,7.5,,,5.3,,,,,,6.8,,,,5.8,,,10.4,4.9,6.7,,5.9,,5.6,10.2,,17.2,,,,,,,15,17.7,,,14.4,18.9,16.7,16.5,15.6,20.3,19.2,16.8,16.5,24.4,20.8,20.2,21.1,19.4,24.7,22.7,19.3,15.6,14.7,19.6,22.8,19.1,16.4,14.4,20.9,16.7,12.5,11.9,21,18.2,13.2,8,21.5,14.4,,,12.4,15.2,22.3,20.1,,17.3,16.9,13.4,24.2,22.4,,16,11.9,15.9,20.7,15.2,,13.5,16.6,5.7,21.6,,,13.3,,,15.3,15.2,9.9,15.3,,,17,12.8,13.5,15.5,15.2,14.7,,,12.9,11,7.8,,15.5,,,20.1,17.9,12.9,,16.1,,,,20.9,,16.2,,17.8,,14.4,,,20.9,,14.9,,19.2,,15.4,12.1,10.1,8.5,20.1,,19.1,,,14.6,10.9,9.6,14.6,,15.1,,14.3,,,,23,,11.8,,16,14,,16.1,13.2,16.3,,11.3,,,14.4,12.8,14.1,,13.1,,5.2,,14.1,,10.5,,10.6,,8.5,,4.2,4.1,
Kalmia,6.8,,,,,,,,,,,,,,,,,,,,6.2,,,,,,,,18,,,,,,,17.9,18.5,,,17.3,20.2,17.9,18.2,17.5,20.6,19.5,17,17.1,25.9,21.2,21,21.9,20.1,25.9,24.5,19.4,19.1,15.7,19,23.5,20.4,17,15.5,21.8,18.1,14.4,13.2,21.8,19.8,15.7,9.4,22.3,15.3,,,14.6,16.3,23.1,23.6,,17.7,17.5,14.5,25,23.1,,17.1,13.7,16.9,21.4,15.7,,13.7,17.2,7.3,22.6,,,16.7,,,16.6,15.8,12.2,18.8,,,18.1,13.8,14.5,17.1,16.1,15.4,,,15.2,11.6,11.7,,18.4,,,20.8,18.8,14.6,,16.4,,,,22.1,,17.6,,18.8,,16.1,,,21.5,,18.7,,20.2,,15.9,14.2,11.7,10.4,23.4,,19.8,,,16.2,12.2,11,15,,16.3,,14.5,,,,24.1,,13.9,,17,14.9,,17.7,14.7,16.7,,12.8,,,15.5,13.8,14.9,,16.1,,8.4,,14.6,,11.9,,12.9,,10.7,,4.5,5.9,
Kalmia,5.9,,,,,,,,,,,,,,,,,,,,,,,,,,,,18.6,,,,,,,18.6,19.1,,,19.3,21.5,19.4,19.6,21,21.3,20.1,17.6,17.5,27.5,21.4,21.6,22.4,20.6,26.4,25.3,20.4,20,17.8,20.4,24,20.8,18,16.3,22.5,19,17.8,13.7,22.9,20,16.6,10.9,22.7,16,,,15.2,18.1,23.7,24.5,,19,18,16,25.6,23.9,,18.1,14.7,17.4,22.5,17.5,,17.1,17.6,9.8,23.5,,,19,,,18.2,17.2,13.8,22.9,,,19.3,14.9,15.3,17.7,20.4,19.7,,,16.7,12.7,13.2,,21.3,,,21.5,19.8,15.5,,16.9,,,,23.7,,19.5,,20.5,,17.3,,,22.7,,20.6,,21.3,,16.6,15.2,13.6,11.7,23.7,,20.4,,,16.9,13,12.9,16.4,,18.1,,15.3,,,,24.4,,14.9,,17.7,15.4,,19.4,15.8,17.5,,14.3,,,18,16.4,16.3,,16.4,,9.5,,15.1,,12.2,,14.2,,12.6,,5.5,10.4,
Kalmia,6.9,,,,,,,,,,,,,,,,,,,,,,,,,,,,19.6,,,,,,,19.4,19.7,,,20.6,23,20.3,20,21.6,21.9,21.7,18.2,18.2,24.4,21.9,22.5,23.1,21.3,26.8,26.1,20.9,20.4,19.8,20.7,24.3,21.6,19.8,17.2,23.7,19.9,18.2,14.3,23.5,20.6,17.7,12.3,23.5,17.6,,,15.8,19.7,24.2,24.9,,19.4,18.7,16.5,26.5,24.1,,18.6,16.3,18.1,24.3,19.4,,17.8,18.4,12.6,24.2,,,20.1,,,20.4,18.1,15,24.3,,,19.9,16.6,16.1,18.3,22.4,20.7,,,18.6,13.5,15.1,,23.2,,,22,20.3,16.4,,17.7,,,,25.4,,21.2,,21.5,,18,,,23.5,,22,,22,,17.7,15.7,14.7,13.9,24.1,,20.9,,,17.6,14.7,14.9,17.7,,19.6,,15.8,,,,25.1,,15.3,,18.3,15.7,,20.4,16.7,17.9,,15.3,,,18.6,17.5,16.5,,16.8,,12.6,,15.9,,14.5,,16.4,,15.9,,9,12.6,
Kalmia,,,,5.8,4.4,5.2,6.1,,4.7,5.6,6.3,5.8,7.6,,,,,,,,,,,,,,,,20.7,6.3,4.7,,4.4,4.3,6.9,19.7,1.7,4.5,5.3,12.9,18.5,22.5,15.6,17.9,17.4,20.6,18.3,18.5,25,21.6,23.1,23.7,21.6,21.6,23.1,21.7,21.5,20.3,21.3,24.8,22.3,20.3,18.9,24.4,20.5,18.8,15.9,24.1,21.4,18.9,14.2,24.3,18.3,,,17.4,20.6,24.4,25.8,,20.2,19,17.1,27.5,24.5,,19.5,18.2,19.2,24.8,21,,18.5,18.7,14,24.9,,,21.1,,,20.8,18.7,15.8,25.2,,,20.5,17.2,16.5,18.8,23.2,21.8,,,19.8,14,16.8,,24.5,,,22.6,20.7,17.2,,18.5,,,,27.3,,23.1,,22.8,,18.4,,,24.1,,22.3,,23.2,,18.5,16.5,15.8,15.4,24.8,,21.7,,,18,6.7,15.6,21.1,,20.4,,16.6,,,,25.4,,16,,19.5,16.9,,21.2,17.6,18.1,,16,,,19.1,18.3,16.9,,17.2,,13.7,,16.4,,15,,8.1,,1.3,,3,0.3,
Kalmia,,,,6.7,6,6.3,6.8,6.5,,,,,,6,5.7,5.5,5.1,4.8,5.6,5.2,5.3,7,5.3,6.6,6.3,6.3,6.2,4.5,21.4,,,,,,,19.8,17,,,14.3,19.8,23.7,17.1,19.4,18.6,22,18.8,18.9,25.5,22,23.6,23.9,22.1,22.4,23.7,21.8,22.2,21.2,21.8,25.1,22.4,21.4,19.5,25.7,21.4,18.9,16.7,24.4,21.8,19.9,16,24.6,19.6,,,18.2,21.2,24.6,26,,20.7,19.3,17.8,29.2,,,20.2,18.9,19.7,,22.6,,19.2,19.2,14.9,25.3,,,21.8,,,22.1,19.2,16.9,25.5,,,21.8,18.4,17.3,20.2,24.3,22.1,,,21.8,14.8,17.9,,25.8,,,23.1,22,18.2,,19.2,,,,,,,,23.7,,19,,,24.6,,22.8,,23.8,,19.3,17.3,16.5,16.9,25.4,,22.2,,,19.1,17.4,16.1,22.8,,21.2,,17.3,,,,25.9,,17,,20,17.4,,21.9,18.4,19,,16.3,,,19.4,20.3,17.5,,17.6,,14.9,,16.9,,16.3,,10.8,,7.5,,4.4,0.6,
Kalmia,,,,,,,7.2,7.2,,,,,,6.8,6.1,,,6.3,,10.7,5.8,,6.5,6.8,6.9,,,,,,,,,,,20.7,17.6,,,20.7,20.8,24.6,18.9,21,19.3,22.8,19.2,19.6,26,23.1,23.9,24,22.6,23.4,24.3,22.4,22.8,21.9,22.9,25.3,23.3,22.2,20.4,,22.8,19.4,17.3,24.8,22.3,20.5,17.4,25.3,21.5,,,19.3,22.7,25.2,26.4,,21.1,20.1,18.7,30.3,,,21.9,19.2,20.3,,23.6,,19.9,20.1,15.9,26.1,,,22.8,,,24.2,20.1,17.4,26,,,22.6,19,17.8,20.8,24.7,23.2,,,23.4,16.3,18.4,,,,,23.3,22.5,19.3,,20.1,,,,,,,,24.8,,20,,,,,23.3,,18.6,,19.9,17.7,17.3,18.1,25.8,,22.7,,,19.4,18.3,16.8,24.6,,21.7,,17.9,,,,26.5,,17.5,,20.7,18.4,,22.8,19.3,19.4,,16.8,,,20,18.1,18.2,,18.4,,15.9,,17.6,,16.9,,12.9,,11.6,,5.8,1,
Kalmia,,,,,,,,,,,,,,,,,,,,,7.1,,,,,,,,,,,,,,,21.3,18,,,22.3,21.6,25.2,19.5,21.9,19.9,23.8,19.7,19.8,26.6,23.5,24.2,24.6,23.7,24.7,25,22.9,23.7,22.9,23,25.9,23.6,23.3,21.6,,23.4,19.9,18.6,25.4,23.3,21,20,26,22.2,,,19.8,,26.3,26.8,,21.7,20.4,19.5,,,,23.9,20,20.8,,24.4,,21,20.5,16.7,,,,23.6,,,,21.3,18.2,26.7,,,23.5,21.1,18.6,21.5,25.4,23.9,,,,18.2,19.2,,,,,24,23.5,19.7,,21.6,,,,,,,,,,20.5,,,,,23.7,,,,20.3,19.2,18.4,19.5,26,,23.6,,,20.5,19.5,17.3,25.6,,22.5,,18.2,,,,27.1,,18.3,,21.2,18.8,,24,20,20.5,,17.5,,,20.2,16.9,18.8,,18.9,,17.8,,18.4,,17.5,,15.7,,15.7,,6.9,1.9,
Kalmia,,,,,,,,,,,,,,,,,,,,,,,,,,,,,,,,,,,,,18.8,,,,23.1,25.9,20.3,23.5,20.9,24.2,20.1,20.4,,24,24.8,26.7,24.9,25.6,25.9,,24.9,24,23.6,,24.4,24.3,22.2,,23.9,20.7,20.1,,23.8,22.9,22,27.2,23.7,,,21.3,,,,,23.3,21.6,,,,,25.6,20.9,23.1,,,,22.2,21.7,19,,,,24.7,,,,,19.7,27.3,,,24,22.4,20.4,23.1,26.9,24.6,,,,19.6,21.1,,,,,24.4,,20.8,,,,,,,,,,,,22.1,,,,,24.2,,,,16.9,20.5,19.7,14.4,,,24.5,,,21.3,22.3,18.3,26.7,,23.3,,,,,,,,19.9,,18.3,20.3,,20.4,21.1,21.6,,18.3,,,20.6,,19.5,,19.3,,19.3,,19.2,,16,,19,,19.2,,9.3,2.2,
Rhododendron,5.1,,,,,,,8.6,,,6,6.2,6.2,5.7,,4.7,5.6,6.5,8.9,14.2,6.1,7.4,8.15,10.2,8.2,10.8,7,15.7,12.2,10.1,15.6,11.3,13.2,14.7,16.8,14.9,13.6,14.8,11.9,14.3,14.7,13.9,15,13.6,18.4,13.4,14.2,,22.1,19.3,18.2,,,23.8,21,21.9,19.1,,19.6,18,17.9,13.8,,24,20.2,18.1,13.8,24.7,21.9,17.3,,21.9,20,11.6,,16,15.3,26.8,22.5,,17.2,17.9,12.3,23.6,19.6,,21.1,18.4,,22.1,22.9,,20.7,17.7,17.5,21.5,,,20.5,,,17.6,15.5,,24,,,19.3,18.7,6.9,,20.6,20.4,,,20.5,18.7,20.3,,23.2,,,20.1,17.5,19.9,,14.1,,,,21.7,,21.2,,23.4,,19.8,,,21.9,,,,,,20.4,17.7,,,23.9,,24.8,,,25.1,20.2,16.1,23.8,,24.1,,23.9,,20.5,,22,,22.2,,20.1,17.9,,12.5,,,,,,,20.2,16.6,15.1,,6.6,,13.4,,9.5,,2.8,,1.1,,6.7,,5.4,4.1,
Rhododendron,6.6,,,,,,,9.3,,,6.3,8.1,9.1,5.8,,5.2,6.2,8.9,10.7,15,7.7,11.9,10.4,12.8,11.8,12.5,8.5,16.5,14,12.2,17,12.5,15.4,17.9,18.5,15.7,14.4,16.4,15.2,15.7,16.7,17,16.4,16.6,19.8,15,15.2,,23.1,20.7,18.7,,,24.5,22.8,22,20.6,,20.7,19.3,18.7,16.9,,24.7,20.8,19.2,14.4,25.3,22.6,19.1,,23,21.8,16.5,,21.3,17.4,27.1,23.8,,19.8,20.3,14.5,25.1,21.8,,23,19.2,,24.2,23,,21.4,20.6,18.6,22.7,,,21.4,,,19.2,19.1,,24.9,,,20,21.8,10.8,,23.8,21.5,,,21.2,21.5,20.9,,26.1,,,22.7,19.5,21.2,,21.6,,,,25.8,,21.9,,24,,21.2,,,24.3,,,,,,22,18.6,,,26.6,,25.6,,,25.3,21.9,19.7,26,,24.6,,24.2,,21.4,,24.9,,22.6,,21.1,19.3,,13,,,,,,,,17.5,16.1,,11.2,,14.2,,10.4,,6.9,,1.6,,7.7,,6.7,4.9,
Rhododendron,5.8,,,,,,,,,,6.6,8.8,9.7,9.8,,9,6.7,9.8,13,15.6,10,13.6,12.5,14.3,13.1,15.8,10.5,17,14.9,19.2,18.2,13.3,19.6,20.2,19.5,16.2,16.6,18.2,16.8,17.9,18,18.8,18.6,17.4,21.2,16.3,16.2,,24.3,21.8,19.6,,,25.4,24,22.5,21,,22,20.3,19,18.2,,25.3,21.8,19.5,15.6,26.1,23,20.9,,23.8,23.1,19.5,,21.8,18,27.7,25,,21.5,20.7,15.9,25.8,22.5,,23.8,19.4,,25.8,23.1,,22,22.1,19.7,24.4,,,22.9,,,20.3,20.2,,27.3,,,21,23.4,15,,25.2,22.8,,,21.9,22.1,21.5,,26.6,,,23.4,21.2,22.4,,21.8,,,,26.5,,22.9,,24.5,,22,,,25.3,,,,,,22.6,19.6,,,27.3,,26.1,,,25.7,22.6,20.9,26.5,,25.2,,24.8,,21.9,,25.1,,23.3,,22.5,20.6,,15.6,,,,,,,,,16.9,,14.7,,15.2,,11.9,,10,,3.4,,8.5,,7.3,5.7,
Rhododendron,6.5,,,,,,,,,,10.8,,,10.6,,10.2,9.2,11,15.2,16.3,16.4,14.7,13.7,15.5,15.3,17.9,12.3,18.1,16,21.1,18.5,14.1,21.5,21.8,20.1,17.6,12,19.8,18.5,19,19.4,20,20.3,19,21.8,18.6,16.8,,25.4,22.4,19.8,,,26.2,24.5,22.9,21.4,,22.2,20.7,20,19.4,,25.4,22.5,20.3,16.9,26.3,23.7,21.4,,24.4,23.8,20.9,,22.1,19.1,28.4,25.9,,22.2,21.2,17.2,26.2,23.1,,24.1,20.3,,26.6,23.6,,22.5,23,20.6,25.3,,,23.6,,,21.3,21.3,,27.9,,,22.3,24.1,20,,26.7,23.8,,,22.7,22.7,21.9,,27.3,,,24.1,22.5,23.3,,22.7,,,,26.9,,23.3,,25.1,,22.8,,,26.4,,,,,,23.5,19.9,,,27.5,,26.7,,,26,23.4,21.7,27.1,,26,,25,,22.6,,25.8,,23.8,,22.9,21.7,,16.6,,,,,,,,,17.7,,18.9,,16,,13.3,,10.8,,6.4,,10.5,,8,6.3,
Rhododendron,5.4,,,,,,,,,,11.3,,,10.9,,10.9,10.2,,,17,18.3,16.5,15.5,18.3,17.3,20.5,13.5,19.4,17.1,,20.2,16.7,,,22.2,18.7,13.9,21.5,21.2,21,21.6,21,20.9,22.5,23.2,19.3,18,,25.8,23.1,20.6,,,26.7,25.3,23.2,21.9,,23.5,21.4,20.3,19.8,,25.7,23,20.9,18.4,26.8,24.6,21.5,,25,24,22.3,,22.8,19.8,29.1,26.3,,22.5,21.4,19.4,26.8,23.6,,24.5,21.1,,26.8,23.7,,23,23.7,20.8,25.5,,,24,,,22.2,22.8,,28.1,,,23.1,24.2,21.2,,27.4,25.1,,,23.2,23.4,22.3,,27.7,,,24.3,22.8,23.7,,23,,,,27.5,,24.1,,25.3,,23.3,,,27.1,,,,,,23.8,20.5,,,27.7,,26.9,,,26.3,23.6,22.5,27.9,,26.2,,25.2,,23,,26.6,,24.5,,23.2,22,,19.9,,,,,,,,,17.8,,19.4,,16.8,,14.5,,13.3,,9.2,,12,,9,0.8,
Rhododendron,,,,,,,,7.7,,,11.8,,,6,,,,,9.4,17.6,19.3,13.5,9.2,12,10.3,12.9,8.8,14.4,10.1,11,18.6,15.1,14.7,15.2,13.1,19.2,18,15.3,12.9,17,16,9.6,17,16.1,19.2,16.9,19.5,,22.2,19.9,20.8,,,20.3,23.2,23.5,22.4,,23.6,21.9,20.8,20.5,,26.2,23.6,21,18.9,27.1,25.1,22.6,,26.1,24.2,22.8,,22.7,20.4,29.1,27,,23,21.9,20.1,27.2,23.8,,24.8,21.5,,27.2,24.2,,23.5,24.2,21.5,25.7,,,24.4,,,23.1,23.6,,27.5,,,23.4,24.5,21.9,,27.8,25.5,,,23.5,23.8,22.5,,27.9,,,24.7,23.2,24,,24.1,,,,27.8,,24.9,,25,,24.4,,,27.3,,,,,,24.1,21.2,,,28.2,,27.5,,,26.6,23.8,22.9,28.4,,26.7,,25.4,,23.6,,27.1,,25.2,,23.7,22.6,,20.5,,,,,,,,,17.9,,20.1,,17.4,,15.5,,14.9,,4.3,,7,,5.1,2.8,
Rhododendron,,,,,,,,11.3,,,,,,6.7,,,,,11.3,16.1,11.4,15.6,11.9,13.8,13.6,15.5,10.9,16.7,12.8,14.3,19.9,16.8,16.2,19,15.1,19.8,17.4,16.9,15,19.1,17.2,12.8,19.8,19.9,20.2,18.4,20,,23.7,21.3,21.5,,,22.9,24.3,23.8,22.9,,24.2,22.2,21.2,21.3,,26.3,24.2,21.5,19.7,27.6,25.6,23.1,,26.8,24.8,23.3,,23.2,20.9,29.7,27.3,,23.2,22.1,20.8,27.6,24.4,,25.1,21.5,,27.3,24.7,,23.4,24.6,21.8,26.2,,,24.8,,,23.3,24,,28.5,,,23.9,24.8,22.6,,28.4,26.4,,,24,24.1,23,,28.4,,,25.1,23.7,24.5,,24.4,,,,28.1,,25.5,,25.4,,24.7,,,27.9,,,,,,24.3,21.6,,,28.6,,27.7,,,26.9,24.4,23.2,28.8,,27.1,,25.5,,24.4,,27.4,,26.3,,24.4,23.2,,21.6,,,,,,,,,18,,20.4,,18.4,,17.7,,15.8,,6.7,,7.9,,5.8,3.6,
Rhododendron,,,,,,,,,,,,,,10.5,,,,,13.5,16.8,14.5,16.8,12.8,15.8,15.1,18.3,18.7,17.2,14.2,14.9,21,17.5,17.3,20,16.7,20.1,19.6,18.1,21.2,20.1,18.4,15.1,21,21.9,21.3,20.4,20.5,,24.7,22.4,21.7,,,25.2,24.8,24.2,23.7,,24.4,22.5,21.7,22.1,,26.8,24.7,21.8,20.1,27.8,25.8,23.7,,27.4,24.7,24.2,,23.5,21.4,30.2,27.6,,23.9,22.6,21.9,28,24.7,,25.4,21.9,,27.7,24.9,,23.8,24.8,22.4,26.6,,,25.1,,,23.5,24.8,,28.7,,,24.3,24.9,23.2,,29,26.8,,,24.5,24.5,23.4,,28.7,,,25.5,23.9,25,,24.5,,,,28.7,,26,,25.6,,24.9,,,28.3,,,,,,24.7,22.3,,,28.8,,28.2,,,27.3,24.5,23.8,29.2,,27.3,,25.8,,24.6,,27.8,,27.2,,25.4,23.6,,22,,,,,,,,,18.2,,21.2,,19.6,,19.1,,16.9,,7.3,,8.1,,6.4,4.5,
Rhododendron,,,,,,,,,,,,,,11.5,,,,,15.2,18.1,15.7,17.6,13.8,16.8,16.5,20,20.3,18.5,15.5,16.9,21.4,18.4,18.1,22,17.8,21.6,20.6,18.5,22.6,20.9,19.2,17.2,22.4,22.4,22,21.7,21.4,,25.7,23.5,22.2,,,26.9,25.1,24.5,24.3,,24.6,22.9,22.1,23.3,,27.3,25.2,22.1,21.4,28.1,26.2,24.2,,28,25.3,24.1,,24.3,21.7,30.4,27.9,,24,22.9,22.2,28.5,24.9,,25.6,22.4,,27.9,25.1,,23.9,25.3,22.9,26.9,,,25.4,,,23.8,25.4,,28.8,,,24.6,25.5,23.8,,20.4,27.5,,,24.7,24.7,24.2,,29.2,,,26,24.3,25.4,,25.2,,,,28.9,,23.9,,25.9,,20.7,,,28.9,,,,,,25.2,22.5,,,29.2,,28.4,,,25.9,24.7,24.1,29.3,,27.7,,26.1,,24.9,,27.1,,25.6,,23.9,24,,22.6,,,,,,,,,19.2,,21.6,,20.1,,19.9,,18,,7.7,,9.2,,7.2,5.4,
Rhododendron,,,,,,,,,,,,,,,,,,,,19.8,16.7,20.9,16.1,19,18,21.4,,20.1,16.5,19.1,24.4,19.2,19,23.1,20.2,,,20.8,,22.2,19.9,19.9,23.5,23.3,22.5,22.8,,,26.3,24.3,22.8,,,28.2,25.4,25.1,25.3,,25,23.7,22.6,24.9,,,25.8,,22.4,28.3,26.3,24.7,,28.6,,25.4,,24.4,22.2,,28.2,,24.4,23.1,23,,25.6,,26,22.6,,,,,24.2,25.9,23.7,27.2,,,,,,24.3,25.6,,29.4,,,25.1,32.8,24.7,,27.7,28,,,,25.3,24.7,,30,,,26.4,24.6,23.9,,25.9,,,,29.6,,22.9,,26.1,,22.4,,,29.6,,,,,,23.1,20.4,,,28,,26.3,,,26.4,23.5,24.4,27.6,,26.5,,26.4,,23.2,,25.2,,23.5,,22.9,21.7,,24.2,,,,,,,,,,,21,,21,,20.6,,14.1,,11.7,,10.3,,8.2,6.1,